ID,RMSE,NDCG@10
923,2.7131013528351287,0.123151194370365
1248,3.2857009949318736,0.0
1540,3.5959132335096413,0.0
2765,4.0,0.0
2786,4.0,0.0
2314,3.415650255319866,0.0
1601,3.696845502136472,0.0
1740,3.774917217635375,0.0
920,3.2747234942943364,0.0
3530,4.0,0.0
1228,4.0,0.0
1354,3.4006859440134485,0.0
1579,2.3530566167527134,0.0
1738,3.286640190632256,0.0
81,3.29479163351463,0.0
1020,4.0,0.0
277,3.2943060033491176,0.0
935,3.3887444938086304,0.0
697,2.0,
1687,3.1746237284049226,0.224322946018989
641,2.38733504985489,0.0
3377,3.774917217635375,0.0
3192,3.505297388887673,0.0
3514,3.6847765525487906,0.0
2984,3.5355339059327378,0.0
2910,4.0,0.0
2312,0.0,
2571,3.0442725583867563,0.0
2616,3.099156212517733,0.0
1415,3.4327203593687186,0.0
105,3.017228593694501,0.0
172,3.4370763365542274,0.0
1939,3.507322619642329,0.0
3436,1.6227073512399763,0.0
3657,4.0,0.0
1430,3.6167189383773097,0.0
2671,4.0,0.0
661,3.398315717434072,0.0
843,2.7094263824176243,0.0
1811,1.0,
1914,2.6634957809084687,0.1480409554829326
306,4.0,0.0
522,4.0,0.0
1526,3.9707658074563605,0.0
2722,3.1622776601683795,0.0
3606,3.6885280542962646,0.0
946,2.1381303959845295,0.07414861528507456
458,3.3428912724988877,0.0
1120,3.6840613844939414,0.0
1142,3.466195472061327,0.0
2705,3.222360709428524,0.0
2458,2.937738783262952,0.0
2434,2.6970378792219876,0.0
1177,3.5818283882159268,0.0
17,2.9335347188861354,0.07075576072108063
799,3.06978007645136,0.27426546945536817
1008,3.409891855558291,0.3903800499921017
1627,4.0,0.0
1732,2.5659573726731773,0.0
1150,3.111847815282364,0.0
285,2.668532470722097,0.0
1942,3.4932291106500535,0.0
3369,3.4448340808536964,0.0
3280,2.888042795238301,0.0
2465,3.7768062661546575,0.0
1656,2.5796471436412785,0.0
1224,2.7106540693754124,0.0
212,2.9196134310764785,0.0
2290,3.586741173767831,0.0
658,3.4857603191342594,0.0
1524,3.3416479501536673,0.0
1040,3.1011433888920394,0.0
2400,3.605551275463989,0.0
1856,2.3374495466483847,0.0
3083,4.0,0.0
1089,3.3474117727894996,0.0
2929,1.3040267911930326,
1090,2.8055737788346664,0.0
372,2.616770765177937,0.0
2078,2.2469525160865764,0.0
744,2.3804761428476167,0.0
3382,3.293407675590267,0.0
1143,3.565262115172464,0.0
788,3.078787785371715,0.0
2711,3.120067413263903,0.0
1188,3.9175290832524188,0.0
1573,3.095680777445526,0.0
1118,3.135815807152996,0.0
3420,2.0,
3441,3.5355339059327378,0.0
2870,3.113521677074299,0.0
567,3.895621467629071,0.0
385,3.7395130413458237,0.0
2667,3.1561467640269734,0.0
3581,4.0,0.0
1920,4.0,0.0
2003,4.0,0.0
333,3.187455754796242,0.0
1341,2.9625533983629535,0.11838279295536293
864,3.6512249749197228,0.0
574,3.2707497399454497,0.18873103118020407
2004,3.0535752678115102,0.0
2365,2.591493984094164,0.0
3160,3.366501646120693,0.0
3625,4.0,0.0
621,3.194798007607529,0.0
483,2.5974538326263428,0.0
642,3.5355339059327378,0.0
3519,4.0,0.0
249,3.2487621077882087,0.0
2317,3.1622776601683795,0.0
2367,2.9526472453839716,0.0
1320,3.140696169079098,0.1100458831490401
2615,1.7663197798769852,0.0
3167,3.1622776601683795,0.0
3456,2.839712707249003,0.0
1390,3.4894946185917957,0.0
608,3.6464904078738187,0.0
2409,2.7137131227714577,0.0
2754,2.6773498373415126,0.0
1538,2.7758796693066903,0.17723928678404774
41,3.3541019662496847,0.0
523,2.4242186678573963,0.0
880,2.052421851864684,0.0
896,3.7020500985129106,0.0
45,2.8179425733601557,0.27487633291429087
2534,3.696845502136472,0.0
3584,3.5355339059327378,0.0
541,4.0,0.0
2225,3.525536894798279,0.0
2083,3.093871365734237,0.0
746,2.629793468806476,0.0
263,2.5011616299126267,0.0
1349,3.2366981653388565,0.0
2558,3.0855379623929577,0.0
434,3.2740978808314725,0.0
2834,3.5355339059327378,0.0
438,4.0,0.0
2966,1.0,
85,0.10020601749420166,
1608,2.388977154511181,0.0
614,2.5495097567963922,0.0
1054,2.6227919385820058,0.0
3159,1.7234291244818198,0.0
2606,3.016500757928265,0.0
2831,3.296272542652213,0.0
3166,2.8660759541009835,0.19519002499605084
2546,2.546568686438342,0.0
782,3.597468071802047,0.0
1257,3.143299156918031,0.0
431,2.533907180083812,0.0
3617,2.684736157583163,0.0
186,2.3429523425902263,0.2303612461053624
1402,3.017982370530996,0.21398626473452756
3229,3.4179908641232077,0.0
731,3.912917654302889,0.0
640,2.9067805979849974,0.0
1599,2.5103877262320635,0.0
528,3.4641016151377544,0.0
1022,3.1012419372281976,0.0
704,3.583589531250805,0.0
981,3.445105665263858,0.0
2510,2.936079112139664,0.0
1744,2.9912354154205283,0.0
2203,2.3811563275163032,0.0
73,3.2236861605432763,0.0
1722,2.8256041210772262,0.0
2422,3.334652467248243,0.0
2585,2.247415804836736,0.0
327,2.698473373091957,0.0
622,3.6546290615685146,0.0
2291,3.774917217635375,0.0
905,3.514907709764203,0.0
1072,3.0293365776665064,0.0
2357,3.6195041336560028,0.0
836,3.158672247685842,0.0
2819,4.0,0.0
552,2.1945721397847606,0.0
2807,4.0,0.0
2135,3.605551275463989,0.0
3416,2.9154759474226504,0.0
2531,4.0,0.0
435,3.6347027675704737,0.0
3035,3.7537900815382303,0.0
3630,3.0,0.0
2887,4.0,0.0
2782,3.0,0.0
2653,2.984200198742807,0.0
261,3.0217837986475122,0.0
1391,3.579517127035118,0.0
1719,4.0,0.0
2498,3.4208008145536875,0.0
1006,3.1465449354094734,0.0
2674,3.6935225791570527,0.0
248,2.941166639439505,0.0
2849,2.981347559169455,0.14126697285982898
2977,3.741310401104535,0.0
3257,4.0,0.0
1928,2.474822203991471,0.0
1123,2.702385847240092,0.0
1329,3.293966887311848,0.0
151,2.891412877056661,0.0
250,1.9084212058537646,0.2960819109658652
3679,4.0,0.0
2710,4.0,0.0
2272,2.2807878025864863,0.0
3368,3.2015621187164243,0.0
3563,3.5355339059327378,0.0
1864,1.8694958772230994,0.2960819109658652
3098,3.274884172294515,0.0
1109,2.5920444552847086,0.0
831,2.9163968897371872,0.0
2079,3.6464908058822263,0.0
3390,4.0,0.0
656,3.581271737554756,0.0
771,2.837384390488322,0.0
2336,2.9566510262943297,0.0
2881,3.683220963438195,0.0
1106,3.696845502136472,0.0
2660,3.1622776601683795,0.0
2757,3.6569478626858887,0.0
3070,3.7130316350446706,0.0
1240,3.074353429839731,0.13743816645714543
2295,4.0,0.0
69,3.624820444086651,0.0
1078,2.8990055550809966,0.0
948,3.3786026518130603,0.0
748,4.0,0.0
2620,3.0,0.0
1536,3.696845502136472,0.0
2353,4.0,0.0
1253,2.857013395883779,0.0
1379,3.115799440742059,0.0
281,3.2165702864297114,0.0
3419,2.3530784419470674,0.0
654,2.7571395819206073,0.0
482,3.313186878717637,0.0
899,4.0,0.0
702,2.360776585411678,0.0
2197,2.6037204555556093,0.0
1512,3.0274095016830453,0.0
2149,3.2804985729683307,0.0
178,2.8824248216049595,0.0
2512,4.0,0.0
1696,3.0013918151609165,0.0
193,4.0,0.0
820,2.721903548203094,0.0
1763,2.84469740872011,0.0
2271,4.0,0.0
1458,3.0846981225061154,0.0
1272,2.6577564356857315,0.0
1068,3.4397657662674477,0.0
1982,4.0,0.0
3539,4.0,0.0
1420,2.5563286215410415,0.17342765698823948
2012,4.0,0.0
3354,2.844451309089308,0.15291137700635812
772,3.2894087212552927,0.23365080824310536
409,2.4782486134890194,0.0
2517,1.842920040882744,0.0
3127,2.0975512485505576,0.0
866,2.341951237023377,0.0
626,2.973997667276296,0.0
2204,2.4438913764207006,0.0
1075,3.283984878959001,0.0
1433,3.3679265945522308,0.0
2174,2.227397978800846,0.46927872602275644
998,4.0,0.0
316,3.13194333307053,0.0
1761,2.708360079217499,0.0
3472,3.261858607022443,0.0
910,3.6615689715683453,0.0
1023,4.0,0.0
2444,3.182018733524465,0.10209739512291163
1431,3.2847795788208014,0.0
1548,2.617005779718335,0.0
804,3.696845502136472,0.0
2461,2.5954722938305324,0.0
124,3.158451751436602,0.0
514,2.7569820880889893,0.0
1099,2.6338193108829735,0.0
2487,3.0005072894003924,0.0
3220,3.124796827354028,0.0
1029,2.706839107411912,0.15101961822780524
158,2.999822192339198,0.17366667134799182
177,3.6846787972039072,0.0
1012,3.7018757188627465,0.0
2872,2.753234678187412,0.0
284,3.6625467525465525,0.0
989,4.0,0.0
2997,3.2162299828871728,0.0
2586,4.0,0.0
169,3.3789892887372934,0.0
1788,2.8049694195137675,0.36331756126716835
601,2.862802423650877,0.06362078819895173
3195,3.3529195297403627,0.0
3082,3.5355339059327378,0.0
475,3.2716254070247066,0.0
2057,3.340858854049301,0.0
1517,3.216583236592063,0.0
1222,3.0,0.0
1477,3.448896430197134,0.0
2043,3.4551403654196227,0.0
2268,4.0,0.0
1387,2.804367063190054,0.13565197343244778
1443,3.4641016151377544,0.0
77,3.492849839314596,0.0
1201,3.7127748676964707,0.0
405,2.6281504985992497,0.0
23,3.1688199466179774,0.0
912,3.1010015352455693,0.0
2240,3.0,0.0
1497,2.758847298297275,0.0
1814,4.0,0.0
3495,4.0,0.0
2061,3.82099463490856,0.0
215,2.8582331160555796,0.0
2777,3.5355339059327378,0.0
2370,2.964763399766798,0.0
1542,2.944590822319413,0.08747171410140821
2996,4.0,0.0
1175,2.9237842194553667,0.0
2839,3.295017884191656,0.0
878,2.4309804115532376,0.0
1919,4.0,0.0
79,3.1925424447887747,0.09478836436955079
1527,2.437399834515438,0.14126697285982898
416,2.915243856554452,0.0
1328,4.0,0.0
2714,3.5897416638326725,0.0
2287,4.0,0.0
1621,2.8838334826977348,0.15642624200758548
1897,4.0,0.0
2140,3.03784851767066,0.0
1352,3.000148472141938,0.21398626473452756
655,3.253076066784905,0.0
108,3.2022501575872973,0.0
2471,4.0,0.0
632,2.1213203435596424,0.0
636,3.143095169199376,0.0
2551,3.4641016151377544,0.0
637,3.351999093091537,0.0
985,2.8751543432154243,0.0
789,3.642551651979408,0.0
2108,2.8951975186325476,0.0
2677,2.413778102658916,0.0
1024,3.961398892903975,0.0
2275,3.0019554452363506,0.0
322,3.139989406340625,0.0
1702,3.7615694224342606,0.0
1931,2.6137888223656014,0.0
3499,3.696845502136472,0.0
1076,2.835263991956806,0.0
1363,3.8772911173422298,0.0
564,2.7967842583372753,0.15101961822780524
117,3.3572140531218393,0.0
2234,3.9091936994118526,0.0
2325,4.0,0.0
1908,2.703619059023345,0.0
832,3.3568687396526333,0.1100458831490401
253,3.3166247903554,0.0
131,2.997435931630153,0.0
91,2.6797680529903403,0.07839826897867534
2076,3.5223858381092774,0.0
1893,3.5606448105303543,0.0
2626,3.490637412263453,0.0
2766,3.0,0.0
2025,3.200499953855509,0.0
1485,3.3137978521936673,0.0
610,2.8398350088362663,0.0
2128,2.2112420211097,0.0
1509,3.133987689967007,0.0
404,3.244309146263187,0.0
262,3.265986323710904,0.0
660,3.248120898270871,0.0
51,3.4786805811601518,0.0
3041,3.0680922010277323,0.3391602052736161
258,4.0,0.0
480,3.1524914971130653,0.0
1959,2.7375970799449716,0.0
1867,2.6852499309625504,0.0
3117,3.0928445160351785,0.0
1605,3.155046423216154,0.0
2403,3.6391202562790204,0.0
756,3.5355339059327378,0.0
2523,1.0020036953338998,
3272,4.0,0.0
210,4.0,0.0
230,2.4558299635953866,0.14829723057014912
3135,2.8343587992962465,0.0
1343,1.7974046878696919,0.431733884398313
3344,3.9043598458737154,0.0
1716,3.2013886342017797,0.0
2207,2.8622887271128463,0.0
1885,4.0,0.0
134,1.7773461928947487,0.0
2054,2.6421407733570232,0.0
1063,3.0,0.0
1850,2.8247218890693824,0.18154179253735267
2999,3.0,0.0
181,3.077204108268878,0.0
1965,2.858487160340133,0.09785159463516042
2982,4.0,0.0
1791,3.0895057068924037,0.0
1905,2.60449776440031,0.0
3245,4.0,0.0
320,3.37426741561699,0.0
411,0.7071067811865476,
2709,3.131396331917935,0.0
747,2.6795609692952693,0.0
3026,4.0,0.0
2386,2.728642008776535,0.0
2802,3.2912231928684825,0.0
1991,2.098815576995839,0.0
3364,4.0,0.0
1817,3.0322901524197947,0.0
2069,3.5355339059327378,0.0
245,3.225151603297013,0.09791292534996782
1004,3.4641016151377544,0.0
147,3.469139137520006,0.0
1972,2.5600113485335596,0.0
3568,3.2616059986515973,0.0
120,3.8915713601666093,0.0
703,4.0,0.0
1953,2.5495097567963922,0.0
932,3.8005138635635376,0.0
1033,4.0,0.0
3170,2.9994841528997154,0.0
2148,3.1262009618455524,0.0
874,3.891150741520306,0.0
2134,1.9935098453752067,0.18154179253735267
295,3.731315611067458,0.0
1899,2.5053142071096985,0.0
687,3.0093893346145832,0.0
388,2.495975112807303,0.0
2340,1.4918553829193115,
298,3.1719216051228063,0.0
1907,2.5495097567963922,0.0
2213,3.2291864454561745,0.09803928583135704
1422,2.8051641878897993,0.10778915452451095
3153,2.4592673986731244,0.0
1105,2.8822347322391595,0.0
1501,3.1622776601683795,0.0
635,3.1158015411207014,0.0
2806,3.2741917908125444,0.1909208661789347
889,3.0898073052260675,0.0
1977,3.909795328063483,0.0
1765,3.1622776601683795,0.0
118,3.1094623635915766,0.2658200052773918
3067,3.4354737222603338,0.0
389,2.9445989089848887,0.0
3285,2.9263048080076532,0.0
1676,3.4744976339572475,0.0
412,3.5014677849745266,0.16815228646891087
2176,4.0,0.0
515,3.206121790086818,0.07839826897867534
2187,3.7646685894226857,0.0
1058,3.7454397940893367,0.0
1037,4.0,0.0
136,2.7998063905705552,0.1909208661789347
793,2.408127646869093,0.0
221,2.754654865679764,0.0
624,3.0658674257654805,0.0
317,3.538618651039507,0.13886244387355456
851,2.8896485143674875,0.1909208661789347
680,3.3121206502908627,0.0
2368,3.591013092992781,0.0
929,3.0935017142551113,0.0
3325,2.8284271247461903,0.0
2094,2.5552852604323317,0.0
2262,3.556107506262736,0.0
1492,2.9154759474226504,0.0
708,2.8749293121676867,0.0
794,2.6944836127340106,0.0
783,3.2072532352761707,0.18154179253735267
2672,3.375140569414374,0.0
3586,3.4641016151377544,0.0
3099,3.6899925170746246,0.0
2035,3.0,0.0
2056,3.5734991136938845,0.0
519,3.6604082597978875,0.0
401,3.69436306514646,0.0
3328,3.460919162051154,0.0
2726,3.683289051055908,0.0
971,2.9023808541155227,0.0
1544,3.000260370533067,0.0
2478,4.0,0.0
1116,4.0,0.0
1191,3.4551978199725224,0.0
1100,4.0,0.0
570,3.3351009983449424,0.0
314,3.6582540109626227,0.0
705,3.45905702876926,0.0
2515,3.774917217635375,0.0
3255,4.0,0.0
200,3.167872890462043,0.06362078819895173
1282,3.366501646120693,0.0
11,4.0,0.0
1537,3.696845502136472,0.0
2631,3.5788253953686398,0.0
358,3.386444885182739,0.0
1993,1.9565768684850522,0.0
3634,3.2406848669052124,0.0
510,2.9052547513325733,0.2960819109658652
3449,3.4191150117515288,0.0
1357,3.366501646120693,0.0
3302,2.256773311647729,0.0
1358,2.9691632403067714,0.0
474,3.3627086392038805,0.0
3672,3.0,0.0
3253,4.0,0.0
218,2.826091922455304,0.2200917662980802
1472,2.321106647184074,0.29039140533630226
2339,3.3166247903554,0.0
2561,3.0677112868021745,0.0
2860,4.0,0.0
3248,3.5355339059327378,0.0
1766,2.483707946300163,0.0
1533,3.63318042491699,0.0
2511,3.51268948981048,0.0
2528,4.0,0.0
1081,3.168691014583319,0.0
1476,3.387315806321717,0.0
1103,3.3978326094189564,0.0
2190,3.3541019662496847,0.0
2792,4.0,0.0
1380,1.818389689499434,0.3562071871080222
3106,4.0,0.0
1703,2.4845647864998814,0.0
1468,3.872983346207417,0.0
2450,2.7057823546120985,0.0
2728,2.0,
3298,2.7902256581841485,0.18457569677956817
2859,2.0,
63,1.9470863358984698,0.0
1184,3.4717318271380835,0.0
2532,3.293712408630332,0.0
1555,3.3905423868341398,0.0
590,3.033512495160963,0.0
2502,3.532972727009885,0.0
440,2.5441293506374776,0.0
1522,0.7071067811865476,
39,2.7412502907874394,0.11838279295536293
2879,2.043936199900072,0.6309297535714575
1460,2.3095832012358413,0.0
1976,3.604406158604296,0.0
1197,3.188710987193982,0.0
2100,3.4240768193298083,0.0
1580,4.0,0.0
659,4.0,0.0
2151,3.366501646120693,0.0
251,2.589759256978966,0.0
2338,3.64936613136934,0.0
452,3.5385171976227694,0.0
1641,3.5355339059327378,0.0
936,3.1196364124247626,0.0
1244,3.3667344881925305,0.0
3668,3.2692758471723646,0.0
1723,3.6887816936235596,0.0
2821,3.745678623301134,0.0
1288,2.0,
982,4.0,0.0
235,3.317867855744111,0.0
3240,3.4692450761795044,0.0
276,2.7881429621920932,0.0
2474,4.0,0.0
3109,4.0,0.0
1091,2.9151418055868183,0.0
207,3.568832500992724,0.0
2744,3.5355339059327378,0.0
447,3.4600788975176715,0.0
3395,2.3446804972332376,0.0
3493,3.8050755358851425,0.0
502,3.4384037256240845,0.0
1097,3.5007422695480708,0.46927872602275644
472,4.0,0.0
2931,3.6129611951868577,0.0
3233,1.521145522762406,0.0
2080,4.0,0.0
3602,4.0,0.0
863,2.870572089231015,0.0
2988,3.649451229967904,0.0
809,3.05659877661569,0.15101961822780524
367,2.4618207262561773,0.10633668103022986
319,3.0983350343301908,0.0
2805,3.392098081188558,0.0
1847,1.8668389689014526,0.0
323,3.1160523086372383,0.0
1322,2.9482731169619636,0.0
238,0.6234334342251059,
1493,2.3292426200523035,0.0
28,3.5355339059327378,0.0
3096,3.1622776601683795,0.0
428,1.8810418363210448,0.0
816,2.0,
294,3.3401726822574385,0.0
649,3.8907171937303597,0.0
2861,3.3924065828323364,0.0
758,3.175194980912287,0.0
1815,3.17075697758154,0.0
2311,3.265986323710904,0.0
122,3.7467460324838076,0.0
1246,2.971791889895101,0.1909208661789347
893,2.618054787771096,0.0
2480,4.0,0.0
2345,3.4422945343410163,0.0
496,4.0,0.0
2566,2.1213203435596424,0.0
2326,3.214734946141912,0.0
3281,2.829209248710886,0.0
2623,3.1622776601683795,0.0
3609,3.696845502136472,0.0
1648,3.5777087639996634,0.0
2785,4.0,0.0
2059,2.35938319655361,0.0
373,4.0,0.0
2327,4.0,0.0
934,2.8914390234691547,0.07614334071738352
2139,2.784647551063419,0.07311683844390995
947,3.3946656390898418,0.0
3343,2.59547043984307,0.123151194370365
1348,2.43518405353651,0.0
3408,2.8893326333739107,0.0
13,3.105509448559819,0.0
1823,3.1234269482772317,0.10209739512291163
2618,4.0,0.0
315,3.3249577411289195,0.0
443,3.3607814144617385,0.0
1308,2.4355190512004867,0.0
3118,3.9264997863407873,0.0
463,3.7664362238767897,0.0
1693,2.449489742783178,0.0
393,3.20954077720328,0.0
3020,1.423846377732508,
98,3.7311836531762554,0.0
995,4.0,0.0
44,3.249093147804168,0.0
1635,2.45712573094464,0.0
616,3.07015400490669,0.0
1401,2.3315133254993072,0.0
2525,2.4725528275661928,0.0
1714,3.3216767419904785,0.0
1199,2.581578850746155,0.0
1562,3.5355339059327378,0.0
3028,3.6662162379765664,0.0
3258,1.0,
2019,3.366501646120693,0.0
1082,3.270248060435432,0.0
176,2.4534447282891154,0.21398626473452756
811,2.97387083137048,0.0
1988,2.4470164384399427,0.0
1623,3.9810261861275786,0.0
143,3.1517486229922675,0.0
3010,4.0,0.0
949,2.7270717087306293,0.123151194370365
2541,3.4657528835765,0.0
972,2.5979992161662016,0.0
3388,4.0,0.0
2605,3.148656646968896,0.0
417,2.486230813250105,0.0
1690,2.9763042273071973,0.0
1230,2.845945044849266,0.16958010263680806
941,3.8954796136976686,0.0
581,3.5914779339312433,0.1100458831490401
2808,4.0,0.0
2888,3.127139063551802,0.6131471927654584
2472,2.999678423073754,0.0
2209,3.418291954638207,0.0
364,3.2478914099630787,0.0
1541,2.983146623432072,0.0
30,2.438397087773398,0.0
1198,2.489520803478405,0.0
2637,4.0,0.0
489,3.171667208271546,0.0
776,3.861321661614598,0.0
2686,2.0,
1465,2.8323681069920976,0.24630238874073
1003,3.0496961924836117,0.0
3546,3.534810230133261,0.0
3314,4.0,0.0
59,2.9651347575822093,0.0
170,3.118530423894163,0.0
203,2.2180770997093853,0.0
3551,3.386470591064222,0.0
82,2.9008234787892078,0.0
2074,3.3651427150936577,0.0
3365,3.40587727318528,0.0
737,1.7603809949527702,0.0
558,2.0071565767594626,0.0
2691,2.988524501048514,0.0
1202,3.4405646125244522,0.0
2759,3.1304951684997055,0.0
586,3.24037034920393,0.0
2009,3.0,0.0
1686,3.072500653198088,0.0
3138,4.0,0.0
1442,3.0615019199125895,0.0
2846,2.1523043716089973,0.0
1701,3.277492812997037,0.0
2770,2.69996721599159,0.3026024134988135
2289,2.9154759474226504,0.0
645,2.9031161840763806,0.0
3286,2.0,
1241,3.62135168408612,0.0
2880,3.5355339059327378,0.0
3217,4.0,0.0
2972,4.0,0.0
877,2.756630689982952,0.13905617951077562
3308,3.5486025349355437,0.0
1967,4.0,0.0
1559,4.0,0.0
456,3.300652090431319,0.0
1985,3.688310456052926,0.0
299,3.344314102748689,0.0
430,3.1791456964109748,0.0
1225,4.0,0.0
3587,3.4641016151377544,0.0
1019,3.196524786207102,0.0
1948,3.0591559933938877,0.1480409554829326
1403,2.6802062852200685,0.0
1096,3.464640520071914,0.0
3004,2.6162370442232827,0.0
965,1.0,
1451,2.185872655432889,0.0
1331,2.783167125197736,0.23463936301137822
3540,2.1213203435596424,0.0
551,3.407196381162516,0.0
2635,3.5355339059327378,0.0
719,2.239797942920762,0.09109240322345807
2199,3.3200541734695435,0.0
1220,2.975324640295021,0.0
1404,0.14094395045485691,
1981,2.6033488950032377,0.15958907712489637
2815,1.4832396974191326,0.0
2584,2.9496838361662463,0.0
1360,2.410946201004182,0.0
336,2.660674023872239,0.0
596,2.893325834817752,0.3638184934971571
3141,3.5355339059327378,0.0
1167,2.0,
3147,4.0,0.0
1717,3.359691283193473,0.0
589,2.0114054286680196,0.0
2739,3.779019506422595,0.0
2641,2.01870121574674,0.0
104,3.105104359777017,0.13743816645714543
848,3.0269461145414787,0.10086747116627115
3348,3.0498387543608176,0.3903800499921017
1984,3.72651093709155,0.0
3184,3.5355339059327378,0.0
2407,3.1287996072484052,0.0
2771,4.0,0.0
1685,4.0,0.0
3536,4.0,0.0
1689,4.0,0.0
3448,3.844068963259147,0.0
722,2.5649189966070356,0.0
161,4.0,0.0
2421,2.0,
2350,3.4138557991174627,0.0
1737,2.964400233419509,0.0
1259,3.1091263510296048,0.0
491,0.0,
2017,2.732981093589614,0.0
1854,3.9876929054439687,0.0
2132,4.0,0.0
2895,3.696845502136472,0.0
3677,4.0,0.0
1086,3.1622776601683795,0.0
1665,0.6635618209838867,
3429,3.5666532057897937,0.3026024134988135
2397,2.8652823125616096,0.0
1396,3.0,0.0
192,2.241297077741403,0.0
190,2.4614107089629997,0.08671382849411974
2656,2.8284271247461903,0.0
346,3.0475667208067714,0.23535109180711325
3360,4.0,0.0
1159,3.2555575157297683,0.0
3299,1.9505482759056425,0.0
328,2.5495097567963922,0.0
2259,1.8955336478318616,0.0
2813,4.0,0.0
2835,3.0,0.0
2006,2.23606797749979,0.0
1260,3.7883729626344445,0.0
2911,1.5849887469246666,0.0
1334,3.0217258486529315,0.0
376,3.0,0.0
2229,3.126313679802786,0.0
1146,3.0,0.0
1047,3.0476884616081565,0.0
707,3.3412609638981836,0.0
3120,4.0,0.0
1462,2.172936355428663,0.0
1412,3.696845502136472,0.0
2110,3.760215188630542,0.0
1061,4.0,0.0
1093,3.774917217635375,0.0
2760,1.2416457056959904,0.0
2273,2.4595173442968736,0.0
1155,2.063646239695965,0.0
1708,2.9721803665161133,0.0
1226,3.0300700652421484,0.0
1277,3.006702480593232,0.0
312,3.3062762817542866,0.0
1653,3.708982783918439,0.09785159463516042
1786,3.1356478929519653,0.0
2661,2.3515571157566164,0.0
1316,4.0,0.0
445,3.0587528207125487,0.0
3123,3.9026842368490793,0.0
201,2.9851566481407863,0.0
349,3.5355339059327378,0.0
3001,3.4641016151377544,0.0
2891,3.0,0.0
2830,3.806766298552476,0.0
468,3.4641016151377544,0.0
1165,2.671795686730346,0.0
1898,4.0,0.0
3093,2.6686340890506113,0.09803928583135704
1301,3.82099463490856,0.0
718,1.947877228700308,0.20438239758848611
2994,2.8310373522754495,0.0
1021,2.8292982626678262,0.1208113026994942
904,3.514132372112464,0.0
1395,3.185829188225893,0.0
2580,4.0,0.0
2121,3.415634378240652,0.0
229,2.6071984625311866,0.0
3550,4.0,0.0
257,1.8337498729389576,0.0
2028,3.457493080535097,0.0
1287,2.654017449429548,0.0
25,3.3112919402448493,0.0
2612,3.1860126389839833,0.11706259313796355
359,2.392639619175523,0.0
1730,2.853216898429026,0.5531464700081437
1487,3.001392149259121,0.3065735963827292
1943,2.5354774308960835,0.0
1833,3.5088167732805657,0.0
798,2.9924870621225903,0.0
1842,1.0,
856,3.3891274909142246,0.0
576,2.8744498283522484,0.0
7,1.9390867394342604,0.0
3501,4.0,0.0
953,3.6972643135551264,0.0
1642,3.031801746985908,0.0
1640,3.5509054007275873,0.0
2050,3.251830418686225,0.0
1651,2.266957790966271,0.0
647,3.885360052862166,0.0
3577,3.844177259949005,0.0
663,2.5823201806244893,0.0
3466,3.3916848519835163,0.0
48,3.5902364898895147,0.0
2218,4.0,0.0
3114,3.036263290266807,0.0
2952,2.362930877760025,0.0
606,3.3166247903554,0.0
2114,2.2330274957244427,0.0
2514,4.0,0.0
72,2.6026868960392013,0.0
379,3.357467901628587,0.0
3644,4.0,0.0
1655,2.936012275465243,0.0
2976,2.2894539642830014,0.0
3234,2.5084580003769887,0.3065735963827292
759,3.123474531639858,0.0
1632,4.0,0.0
2928,3.263329576962289,0.0
1157,3.0207059282797224,0.10699313236726378
2198,3.389419242022459,0.0
1572,4.0,0.0
2354,3.2489433587419794,0.0
2092,3.051561633110907,0.0
1499,3.09371133681611,0.1588714315372696
2583,2.449489742783178,0.0
76,3.4545634654204864,0.0
2372,4.0,0.0
726,1.5552520751953125,
2038,3.8706087372777795,0.0
1247,3.020076827421797,0.46927872602275644
2053,3.447122303283966,0.3026024134988135
493,3.0482462569203013,0.0
34,2.492574255782146,0.10209739512291163
1067,3.298180617682618,0.0
273,3.338444661170896,0.0
149,3.4683787014328673,0.0
3664,4.0,0.0
2389,2.5920010976950865,0.0
591,2.8722425504848887,0.0
54,4.0,0.0
1181,2.5495097567963922,0.0
2483,2.179449471770337,0.0
3013,3.0,0.0
977,3.1868941160188573,0.0
1657,2.345207879911715,0.0
1457,3.9894253467200493,0.0
3695,4.0,0.0
1365,3.492849839314596,0.0
784,2.9440958134223894,0.1480409554829326
2593,2.8271631583484957,0.0
1660,3.219806815195431,0.0
813,3.5355339059327378,0.0
978,2.9419629493328925,0.0
2448,3.014523757047396,0.23719771276929622
657,4.0,0.0
2833,3.055931360433709,0.0
2633,3.6367389548478037,0.0
1152,2.5125311535763633,0.0
2565,4.0,0.0
1810,2.5516700538592993,0.0
774,4.0,0.0
969,3.7254226020878263,0.0
2658,3.667279154369078,0.0
1062,3.2102754960629665,0.0
3296,3.22490309931942,0.0
64,3.5355339059327378,0.0
2388,2.573223532530838,0.0
1369,3.4019117333861395,0.0
142,3.734242776769577,0.0
1398,3.598954148409199,0.0
1268,2.2757195910730177,0.0
1359,3.5355339059327378,0.0
2469,3.1622776601683795,0.0
1459,3.3341105104890567,0.0
2901,3.0055959271391695,0.0
560,3.5409326955133764,0.27487633291429087
2030,3.2018835093204783,0.0
534,4.0,0.0
1007,3.5355339059327378,0.0
1036,3.8102536450340487,0.0
227,2.9688474165253353,0.0
1129,3.410091132955087,0.0
943,4.0,0.0
993,3.1091263510296048,0.0
2449,4.0,0.0
237,2.571855059209847,0.0
469,4.0,0.0
2091,3.296286599480206,0.0
2189,3.0102440712710337,0.0
423,3.0075498896965653,0.0
5,2.884422041162808,0.0
3039,3.532839949133207,0.0
382,2.9412768324141805,0.0
1483,2.8289341957550054,0.10699313236726378
858,4.0,0.0
1688,3.7374832545596974,0.0
1752,2.8970236415827446,0.0
3071,2.826621904877352,0.0
2355,3.2981690704590347,0.0
2791,2.9547547740622835,0.0
2499,2.767591953277588,0.0
1250,3.5700904163564657,0.0
1370,2.970755593097001,0.0
325,4.0,0.0
1639,2.821927611907211,0.272507588957117
1962,3.6915773597156614,0.0
2980,1.1984188685086588,
390,3.5473341285787265,0.0
297,2.5365965640117203,0.46927872602275644
3158,1.0,
996,3.144119156198957,0.0
2049,3.4285703749821246,0.0
1705,2.416988839575182,0.0
1938,2.457826435667017,0.0
961,3.004682207340294,0.16958010263680806
2214,2.726204296594171,0.1208113026994942
1351,2.1776606989053344,0.0
700,3.0677871969118113,0.0
265,3.26610544670166,0.0
2281,1.8342747615364576,0.0
1996,3.5355339059327378,0.0
631,3.5344098386628517,0.0
422,2.7709783545188547,0.0
736,4.0,0.0
740,3.366501646120693,0.0
3507,3.1396695416489657,0.0
2797,3.3817000821208114,0.0
3293,4.0,0.0
3321,2.34174856255478,0.0
1846,2.95275263422997,0.0
988,2.2988439419146123,0.0
2481,3.0,0.0
1820,4.0,0.0
439,4.0,0.0
600,2.8420921716703287,0.32124463208930537
734,2.7513434886932373,0.0
1970,4.0,0.0
3559,3.255764119219941,0.0
1835,2.8344142751423926,0.0
2596,3.3740944599621745,0.0
1484,2.923441315936996,0.2895229882348575
127,3.1005364886916733,0.0
3115,3.366501646120693,0.0
1212,2.4768052101135254,0.0
927,3.4448742639837917,0.0
2087,2.6647048257199235,0.0
1772,3.0259333177873566,0.0
2323,3.544398381489235,0.0
2506,3.6571847095819483,0.0
1066,3.366501646120693,0.0
340,2.994091768680619,0.0
271,2.5,0.0
855,3.088457481416514,0.0
2228,2.870944744420183,0.0
763,1.85869599349803,0.0
2007,3.774917217635375,0.0
1438,4.0,0.0
2120,2.77616523911811,0.0
3323,2.8736959687838066,0.0
3396,3.4641016151377544,0.0
2026,3.0,0.0
1238,3.7792686223983765,0.0
3529,3.6900312018959807,0.0
247,4.0,0.0
1065,2.354370488075211,0.3120255505658846
1298,3.515856874695089,0.0
1108,2.503369734430481,0.0
3342,3.749034969209805,0.0
3181,4.0,0.0
1052,2.513132465268349,0.0
2226,2.7495964765548706,0.0
3016,4.0,0.0
1720,3.7277007296916445,0.0
2373,2.9015252305379056,0.0
2902,4.0,0.0
3635,4.0,0.0
3055,3.4351128074635335,0.0
3543,3.63318042491699,0.0
1934,2.9459843268085626,0.10086747116627115
38,3.0,0.0
1292,3.0053597532890928,0.0
3488,1.9006165568253723,0.0
402,2.714154137273845,0.0
686,2.7228126170182785,0.0
194,2.8284271247461903,0.0
2099,3.0474804211817887,0.0
3119,2.692582403567252,0.0
991,3.147485440866346,0.0
1530,4.0,0.0
2283,4.0,0.0
2380,0.8018386248537707,
1293,3.1621774805825975,0.13120507751234178
2238,3.7177713598713313,0.0
1114,3.263238489135108,0.0
532,3.433229417411519,0.0
2520,2.0,
1104,3.1618496009032557,0.0
2155,1.978735808840563,0.0
2236,2.801511705195327,0.0
2690,3.6673900837788005,0.0
1364,4.0,0.0
2264,1.77662760141742,0.0
1249,2.8891344822128384,0.0
1748,4.0,0.0
269,3.244109612590716,0.0
1203,3.2868436642537042,0.11706259313796355
1887,3.391164991562634,0.0
133,3.2420280500205583,0.0
3210,3.696845502136472,0.0
2764,4.0,0.0
2241,3.256208499770193,0.0
1643,3.2522881358072073,0.0
2496,2.1355898194359946,0.0
1895,3.6025595579011034,0.0
2301,3.3259522650047675,0.23719771276929622
1508,3.3858176758206584,0.0
3133,3.696845502136472,0.0
2460,3.43956607525626,0.0
604,3.1096853124830015,0.0
2021,3.6584209543552504,0.0
308,4.0,0.0
1311,3.594255579528028,0.0
331,3.427178168808385,0.0
3290,1.1547005383792515,
568,4.0,0.0
3356,2.886751345948129,0.0
1213,3.992794514905065,0.0
78,3.6009196043014526,0.0
2543,3.1921217925474297,0.0
3585,4.0,0.0
1428,4.0,0.0
1406,3.300579354434589,0.0
189,2.3660833861915957,0.0
2202,3.3584786396471635,0.0
3694,3.366501646120693,0.0
808,3.366501646120693,0.0
2727,3.1213096095831676,0.38685280723454163
806,4.0,0.0
116,3.4333808423764376,0.1588714315372696
2130,3.1622776601683795,0.0
2406,3.3541019662496847,0.0
1073,1.0,
3292,4.0,0.0
869,2.3311869569312367,0.0
2102,2.886751345948129,0.0
1373,3.2654243567615895,0.0
112,1.9762937303329704,0.0
881,3.2109434743050818,0.3391602052736161
204,3.774917217635375,0.0
710,4.0,0.0
1586,3.791875139341614,0.0
2926,3.5355339059327378,0.0
61,3.245641266937714,0.07839826897867534
2820,3.6839249792469593,0.0
152,3.0177674138325545,0.08274602130532004
1964,4.0,0.0
2018,2.9524891648097165,0.0
467,3.0423368677820952,0.0
1523,0.9021962095614807,
2962,4.0,0.0
1110,3.446647298164373,0.0
2270,2.2867085266416236,0.0
2251,2.345207879911715,0.0
444,2.871324610685288,0.06625422345438904
650,2.921437431440991,0.16812753627111746
305,3.0006068123136447,0.0
3079,1.6176177245697059,0.0
1355,2.3804761428476167,0.0
3451,4.0,0.0
3574,3.774917217635375,0.0
260,3.0,0.0
3015,3.003087716737948,0.0
70,3.254950796372028,0.0
497,4.0,0.0
1437,3.634503483772278,0.0
778,3.543686571626022,0.0
1877,3.685351174391937,0.0
3509,2.573270064645982,0.0
1450,4.0,0.0
1718,3.0750727572879764,0.0
2077,2.9698306446391634,0.0
1613,3.014661630059378,0.0
2313,3.202893525359889,0.14829723057014912
399,3.5355339059327378,0.0
2201,2.8235064866157216,0.0
2961,1.3569793480590293,
1936,2.940351514197727,0.0
3144,2.1213203435596424,0.0
3288,3.5355339059327378,0.0
2790,3.526187299183734,0.0
3274,2.4778268493116395,0.5205067333228022
2363,3.1899698972702026,0.0
1961,3.3642211840003484,0.0
1481,2.4750770889279434,0.13905617951077562
3405,3.3541019662496847,0.0
1141,3.035637112682688,0.0
3632,3.0,0.0
2242,2.6448564806083383,0.0
2040,2.4353342604356554,0.0
2609,2.140274025260924,0.0
2096,2.31728994846344,0.0
1494,4.0,0.0
781,3.711750717621032,0.0
99,2.7834055325524054,0.0
2526,2.9514557655244915,0.0
2613,4.0,0.0
847,3.253867407167133,0.0
3467,2.5495097567963922,0.0
3452,4.0,0.0
1606,4.0,0.0
216,2.5300537077604526,0.0
928,3.5322127383617294,0.0
2346,3.3726089975376636,0.0
1935,2.491717475086172,0.0
1280,4.0,0.0
1871,4.0,0.0
71,3.8123028992341315,0.0
1353,4.0,0.0
478,3.8078865529319543,0.0
938,3.255902877792306,0.0
2680,3.4163158002892495,0.0
47,1.9876577543012668,0.20438239758848611
891,3.2846701975955512,0.0
775,4.0,0.0
1628,3.696845502136472,0.0
14,0.7539920546048002,
787,2.812496309889445,0.0
446,2.943920288775949,0.0
1576,3.265986323710904,0.0
1550,0.7071067811865476,
753,4.0,0.0
810,3.4030238624215077,0.0
2490,4.0,0.0
3487,4.0,0.0
1209,2.41298150148071,0.0
1827,3.158443532234146,0.13905617951077562
3246,2.6679257873341604,0.0
1592,3.2760609441383886,0.0
3541,4.0,0.0
1575,2.7725191356122294,0.0
355,3.4846194833225277,0.0
2900,4.0,0.0
2127,3.1989806490890045,0.0
3362,2.3955166339874268,0.6309297535714575
800,2.7967105680784377,0.0
365,3.696845502136472,0.0
913,3.4764902865158627,0.0
919,3.3541019662496847,0.0
3583,4.0,0.0
1733,3.218101497704996,0.0
1987,3.1622776601683795,0.0
1436,2.9188475382676016,0.0
1755,3.0214819937775292,0.0
2545,1.8780989292358854,0.20210734650054757
2184,2.8263494097575137,0.0
752,2.5952523747130973,0.0
1505,2.8788937995632264,0.0
1284,2.713882775976855,0.0
3511,3.696845502136472,0.0
1554,3.255970438118471,0.0
792,3.547103197273689,0.0
968,4.0,0.0
304,2.620829994790332,0.0
1652,3.4723450125168407,0.0
676,3.2351080179214478,0.0
2023,2.557295188422362,0.0
1879,3.234796307487196,0.0
219,3.6819046129094577,0.0
437,2.818248104938003,0.0
2211,3.23711556413386,0.0
966,0.0,
544,2.8935192574848108,0.0
1851,3.299763655695641,0.0
1140,3.411851842074512,0.0
2789,3.5355339059327378,0.0
3176,3.1542633105450606,0.0
3279,4.0,0.0
197,2.8328853208082143,0.0
593,0.9292481574351471,
3100,4.0,0.0
2824,3.0,0.0
876,2.7665990432383323,0.0
1128,2.9747776370384065,0.0
2693,2.7072461499947282,0.5032251913410369
613,3.5355339059327378,0.0
683,2.8781002952264663,0.0
2052,3.7876231737575154,0.0
975,2.5236163350802663,0.0
1330,2.647605576546499,0.0
539,2.259525775909424,0.0
652,3.632581100650825,0.0
1808,3.073824345964283,0.0
270,2.1115518035368965,0.0
785,3.0244647063116865,0.0
1164,2.9774289942489625,0.0
974,3.2046865900735697,0.0
87,2.5495097567963922,0.0
2590,3.687817782917155,0.0
1014,3.4970543745033207,0.0
2256,3.5355339059327378,0.0
1663,4.0,0.0
957,3.5289821198899456,0.0
875,3.682602882385254,0.0
2774,2.4143259404714685,0.0
1347,2.3910505137113724,0.0
2385,3.631582783450141,0.0
3687,0.0,
228,2.1849767038725574,0.0
1726,3.265986323710904,0.0
2704,4.0,0.0
18,2.774555208081956,0.09803928583135704
3542,2.160246899469287,0.0
2374,2.6885507263132027,0.0
1704,3.111084315243477,0.0
2362,2.2537451736714127,0.0
2518,2.9188798116804513,0.0
3659,0.0,
1683,3.492849839314596,0.0
1578,2.8385889530181885,0.0
3492,2.8284271247461903,0.0
693,3.5646858154131977,0.0
1735,2.4415852168305734,0.0
1634,1.0,
2896,4.0,0.0
2535,3.9798252193165413,0.0
1180,3.0,0.0
1138,3.0099105951979443,0.13886244387355456
1862,4.0,0.0
2906,3.114685157929174,0.0
2799,4.0,0.0
3553,3.355379848175419,0.0
3600,4.0,0.0
644,3.0680625648085997,0.0
291,4.0,0.0
1769,4.0,0.0
167,3.671072590525645,0.0
1819,2.9379875025077413,0.0
2036,3.0,0.0
1552,2.7953198610791765,0.0
837,2.497886053918928,0.0
2016,3.8996940346501945,0.0
2778,4.0,0.0
1694,3.509781450476059,0.0
1816,3.3964540206083123,0.0
93,2.5495097567963922,0.0
526,3.3541019662496847,0.0
1581,2.5466083753304782,0.12987501165334078
1085,4.0,0.0
2337,3.3768428478720756,0.0
780,2.3804761428476167,0.0
3326,2.521415796161101,0.0
226,3.1497281293267227,0.0
1784,2.372961464541048,0.24630238874073
10,3.543827489833923,0.0
3012,3.366501646120693,0.0
2756,2.886751345948129,0.0
1888,3.4641016151377544,0.0
2800,3.1577931130599426,0.0
945,2.2769738836699704,0.0
1376,2.20918881907109,0.0
1771,2.262770175933838,0.0
398,2.6457513110645907,0.0
1098,2.2049645222738565,0.0
52,2.4988241314970563,0.0
3689,4.0,0.0
1881,2.321256629640057,0.0
3309,2.477422706318291,0.0
1568,2.8428156514551457,0.0
3236,3.173202058433739,0.0
40,3.4757282728993184,0.0
1921,3.260313773517875,0.3391602052736161
2524,4.0,0.0
2921,3.0969405712170723,0.0
573,2.847706556306425,0.33627415762678564
162,3.461565354667315,0.0
536,2.96585173303288,0.0
505,3.49715324417337,0.0
1638,2.3161381894854416,0.0
1393,4.0,0.0
2650,3.5355339059327378,0.0
246,2.6612357747988176,0.0
1863,3.4728956730611675,0.0
3324,3.5355339059327378,0.0
2488,3.052229507768746,0.0
1669,3.1622776601683795,0.0
2572,2.7624817644097033,0.10209739512291163
3084,4.0,0.0
865,2.832588068675122,0.0
1013,3.0859773294519073,0.0
55,3.8749635841984094,0.0
2248,3.1902564348901636,0.0
2267,3.5561990461638757,0.0
3037,4.0,0.0
1990,4.0,0.0
542,3.5485202139115803,0.0
1190,3.169281914819454,0.23463936301137822
180,3.100967869366144,0.0
3307,3.1830120173110856,0.0
1531,2.608665536601314,0.0
2743,3.5481398575231498,0.0
86,3.1176850373040064,0.0
2838,1.0,
479,2.0062063700328556,0.0
1306,3.2463787892622675,0.46927872602275644
942,2.928566211508784,0.15101961822780524
1064,1.0,
449,3.2016119919339743,0.0
1989,2.486771053913636,0.0
344,2.5495097567963922,0.0
3653,4.0,0.0
1745,3.9189948229666713,0.0
2647,4.0,0.0
2827,3.179777091222151,0.0
160,2.913897790755134,0.0
2039,2.5156965558438644,0.2960819109658652
2277,3.1622776601683795,0.0
27,3.304423832051305,0.0
1558,2.924413061528534,0.0
3204,2.951266847484487,0.18154179253735267
1319,2.6055366105745996,0.0
1762,3.366501646120693,0.0
3283,3.7785042434343667,0.0
3171,4.0,0.0
931,2.5572129765373726,0.0
1707,2.770989939575615,0.0
106,2.886751345948129,0.0
2159,3.12588829495824,0.0
3193,3.879188895225525,0.0
485,4.0,0.0
2958,2.455554153177435,0.46927872602275644
3422,3.5775381329156777,0.0
597,2.5073947202292306,0.0
1440,3.542073573331862,0.0
3023,4.0,0.0
2915,3.9498343415043866,0.0
2779,2.8857406468899978,0.0
2736,4.0,0.0
2646,3.044765049330484,0.15101961822780524
537,3.265986323710904,0.0
1760,3.13542364443913,0.11706259313796355
2361,3.1029003858566284,0.0
562,3.350308229543533,0.0
1346,2.954516712077209,0.20112881426068296
2703,3.323068713629075,0.0
1297,3.8715953775705314,0.0
2193,3.0,0.0
2949,3.2188832557393785,0.0
383,3.10045194430812,0.0
1604,3.004113769439144,0.0
1709,3.922517853898354,0.0
1801,2.0,
3332,3.5355339059327378,0.0
252,3.0,0.0
1245,4.0,0.0
992,3.6156534706523327,0.0
1060,2.0199611912784654,0.0
1674,2.762574688631534,0.0
2652,1.571703714924434,0.0
2557,2.8284271247461903,0.0
2233,4.0,0.0
3504,0.0,
406,4.0,0.0
1275,3.368810474440318,0.0
2845,4.0,0.0
2678,4.0,0.0
392,3.0,0.0
492,2.302049194664671,0.0
531,3.3325060064186514,0.0
1079,2.667410071325422,0.0
220,2.776708813372518,0.0
1747,3.792759763633159,0.0
699,3.160513852112078,0.0
3102,3.2418140709087417,0.0
1474,3.2443753184908704,0.0
115,3.0772616807473674,0.0
2553,2.0,
337,3.03667626264798,0.1909208661789347
1836,3.143586299952407,0.0
157,3.0,0.0
1174,3.8452775458286013,0.0
3224,1.5331585307544828,0.0
2975,3.565561023845642,0.13905617951077562
598,3.2906177546202455,0.0
841,3.935734607369038,0.0
729,2.508351380272695,0.0
999,3.926651482144009,0.0
588,2.733340620994568,0.0
3187,0.0,
3089,4.0,0.0
958,3.3541019662496847,0.0
894,2.983762388330832,0.0
2141,4.0,0.0
926,2.5653864196681786,0.14606834984270645
473,2.9313647793508633,0.0
3266,3.309885738373779,0.0
675,3.053812349100848,0.0
3014,4.0,0.0
1399,3.4641016151377544,0.0
366,2.9203434897830354,0.0
3489,4.0,0.0
803,2.6609340329946494,0.0
266,3.014198845732527,0.0
3305,3.9408009765968517,0.0
1958,3.774917217635375,0.0
1083,4.0,0.0
1883,3.4264404596835893,0.0
980,3.164608915925957,0.0
760,4.0,0.0
1261,3.5355339059327378,0.0
3211,3.1187489140374254,0.0
1039,3.5355339059327378,0.0
3059,3.6393319925143364,0.0
2395,3.096318919029483,0.0
2442,3.084838015933688,0.0
1239,3.20530130864181,0.0
1171,3.4764474845432978,0.0
1426,3.0,0.0
2237,3.2015621187164243,0.0
2539,3.1703376538254093,0.0
2989,2.6489045683991583,0.15642624200758548
3053,4.0,0.0
1681,2.675603338560479,0.2638647595767405
1312,3.639214873016417,0.0
1313,3.5355339059327378,0.0
1289,1.4740658638875623,0.0
2865,3.02812531049102,0.0
2252,2.5,0.0
2022,2.0829269765144907,0.0
1160,2.513690824473521,0.0
1584,2.6654064922191543,0.0
2749,2.9950488807953133,0.0
1901,2.861370768474028,0.0
191,4.0,0.0
3367,2.757696747779846,0.0
166,3.1924588899008115,0.0
205,2.5063433759807983,0.15642624200758548
888,1.9027682138619464,0.16716045496620227
356,4.0,0.0
3355,3.6264142990112305,0.0
2420,3.696845502136472,0.0
2767,4.0,0.0
3173,4.0,0.0
933,3.1225084454421848,0.2200917662980802
3291,3.2888494718833483,0.0
3179,3.2715239496673414,0.3903800499921017
3690,3.0,0.0
1265,3.1203070580285646,0.0
22,3.5421469429220083,0.0
2832,2.722922200835992,0.0
3143,3.5355339059327378,0.0
3654,3.1622776601683795,0.0
2008,4.0,0.0
3112,2.943920288775949,0.0
826,2.9021680517355386,0.38685280723454163
1998,3.1542157051296202,0.0
3044,3.736796021461487,0.0
2898,3.4612555872393926,0.0
1336,3.2547163987912544,0.0
1609,3.63751039927849,0.0
107,3.0253197885284826,0.0
2116,4.0,0.0
2752,3.0,0.0
1454,3.3177868523513077,0.0
3477,2.2128437857073133,0.6131471927654584
3431,1.8114533375823176,0.0
2307,2.6339865872587915,0.0
554,2.5765516231536454,0.0
3415,2.9408198128768843,0.0
1367,2.8685887490681177,0.0
1625,3.6236690488743544,0.0
2342,3.483359616829538,0.0
2216,2.47039794921875,0.43067655807339306
2086,2.543559990070739,0.0
964,3.1004315864407057,0.0
1372,1.4142135623730951,
144,3.0,0.0
3561,3.5355339059327378,0.0
504,2.984898312698587,0.0
796,4.0,0.0
983,2.4594999270964295,0.0
503,3.5355339059327378,0.0
1590,2.2961797754270967,0.0
3655,3.696845502136472,0.0
311,3.654230081413124,0.0
83,4.0,0.0
1944,2.9626899529171054,0.0
1378,2.4516007900238037,0.0
330,3.3922060703772043,0.0
3058,3.5355339059327378,0.0
223,2.7673386760448047,0.15101961822780524
2599,2.773445170808591,0.0
3662,4.0,0.0
545,3.074188412345056,0.0
842,2.8576908683078956,0.13886244387355456
3178,2.3804761428476167,0.0
224,2.844393357905381,0.09546043308946735
805,3.0618320033858835,0.13905617951077562
1615,2.543018102645874,0.0
1614,3.696845502136472,0.0
3426,4.0,0.0
1995,3.370823505102885,0.0
1400,2.6904871885900095,0.123151194370365
3576,4.0,0.0
3393,2.70801280154532,0.0
2294,3.7339621810620023,0.0
2695,2.8983514035841536,0.0
1000,4.0,0.0
3372,3.0,0.0
1691,3.5355339059327378,0.0
156,3.0270155131449896,0.0
3161,3.0308617051650595,0.0
1666,2.6266903224375557,0.16958010263680806
129,3.4351128074635335,0.0
289,2.813820230862472,0.0
2081,2.579802450230883,0.0
3661,4.0,0.0
254,3.569514324487874,0.16716045496620227
1610,2.7524814571761294,0.0
3589,4.0,0.0
1295,1.8086972003999697,0.1480409554829326
1166,2.2271788244219284,0.0
2681,2.4159880082523326,0.18154179253735267
2713,2.852138492246829,0.0
1649,2.115984229259702,0.0
1111,4.0,0.0
1999,1.8703072008202812,0.0
1324,2.0801397254588583,0.17723928678404774
2685,2.915239777408828,0.0
3698,4.0,0.0
1561,2.4420323324050406,0.0
2610,2.8284271247461903,0.0
450,2.57142462661825,0.0
241,3.349688232346054,0.0
885,3.5355339059327378,0.0
2343,4.0,0.0
1231,4.0,0.0
533,2.2552466823504247,0.0
3667,4.0,0.0
822,3.91895395305785,0.0
1896,2.8003827658040703,0.15101961822780524
828,3.5798840610246603,0.0
1622,2.6515066808971364,0.0
1279,2.776185108794086,0.46927872602275644
3222,3.850657969639183,0.0
592,3.0,0.0
3151,3.774917217635375,0.0
694,3.5355339059327378,0.0
2113,2.8903795109946,0.0
1734,2.8284271247461903,0.0
2801,4.0,0.0
791,4.0,0.0
1028,3.0255358449435916,0.0
1736,2.240872077066255,0.3065735963827292
2304,3.8069235020907444,0.0
2165,3.5355339059327378,0.0
3034,3.696845502136472,0.0
2905,3.5355339059327378,0.0
2644,3.4351128074635335,0.0
1845,3.1505675108713325,0.0
2505,3.5594627192246877,0.0
692,4.0,0.0
2166,3.213942867218547,0.0
3018,4.0,0.0
2965,2.5495097567963922,0.0
773,0.7346838013420136,
2163,3.3166247903554,0.0
2309,3.696845502136472,0.0
1340,3.4641016151377544,0.0
990,2.9154759474226504,0.0
1471,3.41626201842572,0.0
3046,3.24037034920393,0.0
476,2.6027182510602107,0.0
2871,3.2147353497045925,0.0
1409,2.6330813315413244,0.2960819109658652
2477,4.0,0.0
620,2.849711871677456,0.0
2182,4.0,0.0
1094,3.696845502136472,0.0
2914,4.0,0.0
3463,4.0,0.0
1587,3.8541079453189693,0.0
3186,3.0,0.0
3439,3.1622776601683795,0.0
1170,3.774917217635375,0.0
2269,3.7122404963587963,0.0
3182,2.9154759474226504,0.0
3264,2.748566455095445,0.0
436,3.630275033660264,0.0
1095,3.949256352750002,0.0
24,2.880579794217538,0.0
777,2.7350617745869483,0.0
209,3.2350627923727804,0.0
3156,4.0,0.0
709,2.8595029333797988,0.0
1026,4.0,0.0
3002,2.5001776159559514,0.0
1924,3.803021192550659,0.0
2066,4.0,0.0
1546,1.5541355609893799,0.0
1410,2.701524286613995,0.0
2769,2.958039891549808,0.0
1518,3.196231484413147,0.0
1602,3.205589885738345,0.0
3056,3.842039847299594,0.0
2231,3.176927431119837,0.0
1664,2.9906419668073387,0.0
2588,4.0,0.0
2649,4.0,0.0
1940,4.0,0.0
944,1.6089458410995114,0.0
3131,3.809342346416498,0.0
681,3.081666492866728,0.13032376591037065
2675,3.82099463490856,0.0
1256,3.1137479118404,0.0
2862,4.0,0.0
187,3.842926390515939,0.0
698,3.0659419433511785,0.0
2452,2.1016274682529117,0.0
3548,0.9691890402396764,
1124,4.0,0.0
1217,3.5980693101882935,0.0
2567,3.210183545865996,0.0
1133,3.517052279712627,0.0
3389,1.5260684712275423,0.0
829,4.0,0.0
770,2.78383366172989,0.0
234,3.2817803426394843,0.0
2725,3.202703899985885,0.0
2152,2.5050028450035287,0.0
36,2.8491781299154484,0.0
1232,4.0,0.0
501,3.0,0.0
183,1.0,
410,3.4952783774405116,0.0
2579,2.569046515733026,0.0
569,3.1043460314111098,0.0
922,3.2959370133581833,0.0
1957,3.2601333248535727,0.0
100,3.5243408950826134,0.0
2414,3.4641016151377544,0.0
3650,3.5355339059327378,0.0
2489,4.0,0.0
3613,3.119741052808394,0.0
3261,4.0,0.0
1394,3.134238415881817,0.0
571,3.712964051400576,0.0
3197,2.0,
2285,4.0,0.0
2493,3.0,0.0
1821,2.320018860133229,0.0
2437,3.0,0.0
830,3.9006004655504793,0.0
1304,3.1646545368542003,0.0
925,2.4625169700223597,0.0
1952,2.696170178915735,0.38356636737133565
940,3.696845502136472,0.0
1759,3.2466394143485715,0.0
3277,2.6525667654773257,0.0
612,4.0,0.0
1951,3.202499758400581,0.0
3132,3.8186092376708984,0.0
786,4.0,0.0
2,3.5355339059327378,0.0
1237,4.0,0.0
721,3.5711309347491387,0.0
1560,2.8722813232690143,0.0
1087,2.3278725327892857,0.0
103,2.6389723548447526,0.3026024134988135
867,3.0,0.0
3043,3.752139449119568,0.0
155,2.944711070133036,0.10086747116627115
1779,3.805504950218506,0.0
2435,3.0,0.0
484,3.09597062710303,0.0
2002,2.23606797749979,0.0
3221,4.0,0.0
2310,3.1267347046022627,0.0
2089,0.0,
2178,2.9658672730720803,0.5294362295028773
2491,2.3719749311451093,0.0
821,1.986062609561137,0.0
838,3.0,0.0
918,4.0,0.0
1742,3.0102962443426904,0.16958010263680806
3183,2.3983919952225907,0.6131471927654584
2953,3.4121599101163422,0.0
860,3.1622776601683795,0.0
278,3.2641665610647577,0.0
413,2.524881011362336,0.0
1121,3.7158143412724263,0.0
384,2.9193044444584566,0.21398626473452756
535,2.2268651723861694,0.0
1513,3.5355339059327378,0.0
2745,4.0,0.0
2718,4.0,0.0
2922,2.807800998889301,0.18154179253735267
1388,3.124892827662146,0.08747171410140821
96,3.696845502136472,0.0
1236,3.0812335704552662,0.0
1416,2.427759754369904,0.0
754,3.0472815860935234,0.0
2384,2.635295559819422,0.0
1168,3.5982161829109773,0.0
1215,1.9621833985285464,0.17723928678404774
1809,3.513320891847842,0.0
1463,4.0,0.0
110,3.3582561491270875,0.0
2974,2.513750742647735,0.0
1673,2.9550854859548448,0.0
32,3.63318042491699,0.0
914,2.7813887898440486,0.0
3531,3.8128824153578162,0.0
1300,3.5355339059327378,0.0
1112,3.2841617664213993,0.10778915452451095
2390,2.7937685082800003,0.0
986,2.866672384845176,0.0
2000,4.0,0.0
1826,3.851253032684326,0.0
3394,4.0,0.0
1891,3.0,0.0
1262,3.1578258074840995,0.0
2873,3.0,0.0
1252,2.826766729226018,0.0
2829,2.552739835674501,0.0
3174,4.0,0.0
755,2.9906290883159765,0.15101961822780524
2129,2.852594421043738,0.0
2981,3.0,0.0
3216,1.657553262136737,0.0
128,3.0048295461936476,0.0
2889,3.355127096526776,0.0
2552,4.0,0.0
2603,2.815516253877751,0.0
973,2.5,0.0
1264,3.03315017762062,0.0
1778,3.551845207412394,0.0
823,3.5355339059327378,0.0
163,3.128014726511806,0.0
1405,4.0,0.0
3525,2.7476470120248195,0.0
3502,2.027390348718833,0.0
3108,3.3180970053224876,0.0
3533,3.308210601231489,0.0
2907,4.0,0.0
1208,3.604535662434159,0.0
335,2.615731840341148,0.0
1781,3.537327587766782,0.0
2075,4.0,0.0
419,4.0,0.0
3571,4.0,0.0
1886,3.4641016151377544,0.0
2263,2.0,
1361,3.0,0.0
578,2.4092420325843626,0.3900741276002217
2106,2.2119593703297373,0.0
1727,2.7906685731568777,0.16812753627111746
3025,2.7451539039611816,0.0
2934,1.2993690234958155,0.43067655807339306
1865,2.8658561706856287,0.1208113026994942
2497,3.265986323710904,0.0
2266,2.8284271247461903,0.0
1668,3.2618717325771374,0.0
825,2.628478097176975,0.0
666,4.0,0.0
381,2.805201786527819,0.0
1227,0.0,
3180,3.6845911534622093,0.0
2027,2.7528682947158813,0.0
730,3.3949481545907916,0.0
1941,3.1844246448445563,0.07945707943276742
3125,3.146552055714733,0.0
1872,4.0,0.0
1016,4.0,0.0
2399,3.7032803990902057,0.0
3300,4.0,0.0
332,3.19401677154127,0.0
627,2.653286459347516,0.0
2239,3.1304951684997055,0.0
3611,4.0,0.0
29,4.0,0.0
2508,2.6538760484526276,0.0
1992,0.20911359786987305,
1729,4.0,0.0
2877,3.0,0.0
3370,3.0091698671180187,0.0
2611,2.85093493419498,0.0
2581,2.9995843598768883,0.0
50,2.232542634010315,0.0
3598,3.8708776491095045,0.0
1997,3.1486582728015375,0.0
3475,2.9154759474226504,0.0
1210,3.0056394150328334,0.0
2416,3.1127991843981593,0.0
706,3.7726035118103027,0.0
2438,3.013643901369118,0.0
733,2.399257539333586,0.0
2784,3.161153121966844,0.0
3088,2.501906517337792,0.3065735963827292
1413,3.5148594584581514,0.0
3497,3.5355339059327378,0.0
1678,3.056888720200461,0.0
1671,4.0,0.0
2064,3.0,0.0
1937,4.0,0.0
2192,4.0,0.0
1922,3.1085700043482545,0.0
2964,4.0,0.0
580,3.5355339059327378,0.0
414,2.3664867452486944,0.0
3242,3.5592055791975263,0.0
1148,4.0,0.0
605,3.0301643258522892,0.0
2308,2.8284271247461903,0.0
2179,2.330068289437491,0.0
470,0.7071067811865476,
2930,2.2804572166997357,0.0
3697,4.0,0.0
3643,3.0,0.0
1119,3.4655343292161853,0.0
524,2.985988116385786,0.0
2441,3.428088742877603,0.0
1429,3.0634320819626195,0.0
3556,2.930972454068985,0.0
1516,4.0,0.0
387,3.1852410482190554,0.0
3371,4.0,0.0
2956,4.0,0.0
845,1.0423204898834229,
442,4.0,0.0
1196,2.7076922267329144,0.3065735963827292
2425,2.4928761023947703,0.15642624200758548
1385,4.0,0.0
1915,3.351335883140564,0.0
2916,3.5355339059327378,0.0
1929,3.1387084577556807,0.0
3381,3.696845502136472,0.0
1434,3.6017193298086583,0.0
3331,3.4944692208348385,0.0
2568,3.596644606930327,0.0
2604,2.8018654579020357,0.0
353,3.3677484297933105,0.0
840,3.213089593125574,0.0
955,2.282391508485064,0.0
1917,2.4937924941623204,0.0
2143,3.5369513641464634,0.0
2670,3.0,0.0
1375,3.5191030318179104,0.0
3051,3.696845502136472,0.0
301,2.6363906447044085,0.09546043308946735
1853,3.0815652186380396,0.0
3665,3.492849839314596,0.0
164,3.1736057396005903,0.0
1389,1.0,
3247,3.5120450222071233,0.0
672,3.882711633516191,0.0
3404,4.0,0.0
1507,3.5216435020020165,0.0
1620,3.326382580730389,0.0
1983,3.1622776601683795,0.0
979,3.366501646120693,0.0
1048,4.0,0.0
1768,2.160246899469287,0.0
1362,3.1924807087078895,0.15130120674940675
1382,3.1251732110977173,0.0
1251,2.07406194855207,0.0
2640,3.1622776601683795,0.0
324,3.730871088379301,0.0
2222,2.1875503477638247,0.21840743681816419
1706,3.4007664635025785,0.0
3256,4.0,0.0
2492,3.9028732934407553,0.0
1356,4.0,0.0
3225,4.0,0.0
1658,4.0,0.0
2882,3.5236032513669775,0.0
2946,1.9704280444221356,0.23719771276929622
749,2.081653887133096,0.38685280723454163
2648,3.0,0.0
2740,2.8951140513593048,0.0
1792,4.0,0.0
2260,3.24037034920393,0.0
2427,3.375574792092457,0.06625422345438904
2936,3.0,0.0
3172,4.0,0.0
3681,2.70801280154532,0.0
1186,2.8633775980065157,0.0
375,4.0,0.0
1721,3.6884946427249514,0.0
3065,4.0,0.0
2854,3.5355339059327378,0.0
232,3.6218747231377253,0.0
2773,2.9230939433484275,0.0
2634,3.32887798708344,0.0
3319,4.0,0.0
527,4.0,0.0
1960,2.817636613720532,0.0
2413,3.974462866783142,0.0
1169,2.401050329208374,0.6309297535714575
2847,3.632476917203327,0.0
2721,3.0,0.0
2747,4.0,0.0
3154,2.426661046775329,0.0
2751,3.0,0.0
2423,2.8232646077558314,0.0
1557,3.6692518471922657,0.0
643,3.3635829338869487,0.2960819109658652
3558,3.429312164373588,0.0
202,2.6375284842271083,0.0
769,2.991498591098531,0.0
2720,2.0,
3468,2.8284271247461903,0.0
3386,3.4749010919116197,0.0
2136,3.3570613302912364,0.20210734650054757
717,2.7825413851683383,0.0
3047,3.0,0.0
3378,2.8373282485313074,0.0
1807,2.5006762174218053,0.0
3374,4.0,0.0
1700,2.891204551868817,0.0
3616,4.0,0.0
512,4.0,0.0
3357,1.6044425964355469,
2297,2.9603513035016613,0.3903800499921017
9,4.0,0.0
1189,2.614528886289815,0.6713860725233041
1418,3.0,0.0
1461,2.0171466983536575,0.1480409554829326
65,3.004754697912484,0.0
3471,3.6817692357815743,0.0
2181,3.1741225262377575,0.0
1795,2.0,
2429,3.0411859757955755,0.11751610475642714
688,3.059592435229318,0.0
420,3.4641016151377544,0.0
521,2.746303114923121,0.0
2162,1.0,
701,3.194343000271543,0.0
872,2.803229727819207,0.0
175,3.8115934116216477,0.0
1276,2.3804761428476167,0.0
1056,3.25235522785785,0.0
3322,4.0,0.0
3223,4.0,0.0
2195,3.906517003985887,0.0
844,4.0,0.0
3595,2.2821139362865064,0.0
1553,1.502224972722076,0.0
3097,3.0,0.0
101,3.509850438093014,0.08431423425588572
2501,2.5495097567963922,0.0
1132,2.6686353996689327,0.0
1194,3.431862815316507,0.0
546,2.669392433618416,0.0
264,3.6253272957156732,0.0
2175,1.7988523220189252,0.0
3588,4.0,0.0
378,2.9210545198133206,0.0
1223,1.9647249084235914,0.6131471927654584
2776,3.0,0.0
1712,3.5503252565062233,0.0
1010,2.8568176930998757,0.0
2657,4.0,0.0
2358,3.5440986787276465,0.1208113026994942
1154,3.696845502136472,0.0
2706,3.366501646120693,0.0
3538,3.5355339059327378,0.0
2547,2.3722412726890223,0.17723928678404774
3656,3.9886353639081173,0.0
2485,2.3960680961608887,0.6309297535714575
2274,4.0,0.0
2185,4.0,0.0
3594,3.0,0.0
2410,2.629475926289866,0.3903800499921017
123,2.474393054036652,0.0
3136,2.316077081873631,0.0
3615,3.5355339059327378,0.0
2619,4.0,0.0
380,3.4051030579938044,0.0
1273,3.8247344493865967,0.0
3485,3.8604259628457736,0.0
628,2.4969316560906214,0.0
3516,3.3166247903554,0.0
685,3.6086591482162476,0.0
2170,3.6096528369455014,0.0
630,3.265986323710904,0.0
2315,3.3489523143415365,0.0
1812,2.326993068446959,0.0
471,2.6027063148852023,0.0
137,3.5522005020417047,0.0
3116,1.7881741081232905,0.0
1453,2.6457513110645907,0.0
429,3.5355339059327378,0.0
2445,3.8094727820795873,0.0
2662,3.503663037935783,0.0
2169,3.1063262847196045,0.0
1473,2.2567100176847785,0.0
3375,2.8467227431052704,0.0
31,3.4913993184467564,0.0
2582,2.489210153261291,0.0
1925,0.0,
1868,3.7826815729721734,0.0
3678,4.0,0.0
2804,3.0,0.0
395,4.0,0.0
3522,4.0,0.0
2755,4.0,0.0
2537,2.9318585791086567,0.0
1254,3.1931804418563843,0.0
1661,3.5355339059327378,0.0
1797,4.0,0.0
310,3.1471867651490935,0.0
1229,2.3163848154734468,0.0
1774,3.229793369333968,0.0
2230,2.1213203435596424,0.0
3297,4.0,0.0
3642,4.0,0.0
1911,2.4636618322835084,0.0
1488,1.8360350773876497,0.0
3074,4.0,0.0
1502,3.7046697781656612,0.0
2864,3.0,0.0
1071,2.31418748210151,0.0
3423,2.044870133385283,0.0
300,3.707326211773849,0.0
1032,1.7359678745269775,0.0
2351,2.8707791520440704,0.0
75,1.858329495076664,0.0
292,3.3024244084550927,0.38356636737133565
1667,2.922332647575758,0.0
1878,2.0,
2479,4.0,0.0
1832,3.6303060572469183,0.0
441,2.159153764167832,0.0
2402,0.0,
959,4.0,0.0
2381,1.0,
2893,2.0381908416748047,0.0
670,3.4131876224406836,0.0
2232,4.0,0.0
1543,1.2169541708931264,
2918,2.964457754147298,0.0
2798,4.0,0.0
3270,4.0,0.0
2060,3.141078017452684,0.0
2639,3.5813154992823453,0.0
2206,3.696845502136472,0.0
1490,4.0,0.0
917,2.2058763111465276,0.1480409554829326
1583,4.0,0.0
3569,4.0,0.0
3315,3.0,0.0
1978,3.2983674746534253,0.0
500,4.0,0.0
3124,4.0,0.0
2419,3.468332650507295,0.0
2482,4.0,0.0
2280,2.0778690576553345,0.0
3080,4.0,0.0
738,4.0,0.0
198,2.9994141409264765,0.0
2227,1.8758829220479696,0.0
1776,3.218942528621,0.0
587,2.0,
611,3.0050864477776105,0.0
173,3.8497081086339984,0.0
196,2.0,
2282,3.53247272169418,0.13032376591037065
148,3.011727948556929,0.0
2954,2.5054353562069562,0.0
2917,2.5635606023381587,0.0
2321,4.0,0.0
711,4.0,0.0
741,3.696845502136472,0.0
1345,4.0,0.0
3148,4.0,0.0
432,3.1172640509739735,0.0
3289,2.619609832763672,0.0
1647,3.0,0.0
2408,2.388307542792479,0.0
1417,3.2146329287613558,0.0
2349,1.3435345026192231,
3391,4.0,0.0
1034,3.561149520822789,0.0
494,1.9587018783106798,0.23463936301137822
3418,3.298181211735173,0.0
3060,3.601329467856063,0.0
900,3.56996190463106,0.0
3329,2.6902879314188266,0.0
394,3.1403775231204425,0.0
2044,2.8343274855333016,0.0
1756,2.8968002647112017,0.0
3230,3.8895921301936243,0.0
723,3.594390114687473,0.0
2654,2.6480849973534526,0.0
1318,3.0235865147496592,0.0
743,0.0,
2265,4.0,0.0
1793,0.9520611763000488,
3189,2.7039884320338725,0.0
2334,3.696845502136472,0.0
1699,2.383545552153337,0.0
1489,3.4438889064086364,0.0
53,4.0,0.0
815,4.0,0.0
2904,3.3790541296193317,0.0
35,3.1364161988269297,0.0
145,3.6469554875438384,0.0
868,3.366501646120693,0.0
1049,2.915986091180816,0.0
1031,2.8145118915038143,0.0
1818,3.9147031449971568,0.0
2595,2.23606797749979,0.0
2051,3.5355339059327378,0.0
1456,2.794160118285929,0.10699313236726378
2783,2.5009531243623453,0.0
3254,3.439989202908776,0.0
967,2.23606797749979,0.0
1528,2.6800793409347534,0.0
3076,2.6457513110645907,0.0
3,3.523359141282296,0.0
488,3.1622776601683795,0.0
1446,2.4023259145826574,0.0
371,3.2050705556984873,0.0
609,3.3868223074242394,0.0
1566,2.0,
3203,4.0,0.0
2876,3.3464496375586683,0.0
1646,4.0,0.0
1860,3.0,0.0
1371,3.044060883224501,0.0
1822,4.0,0.0
2250,3.1129389316258558,0.0
862,3.1091810178430763,0.0
74,3.76392138004303,0.0
2440,1.9966037329283006,0.20210734650054757
525,0.0,
3121,2.1213203435596424,0.0
2293,4.0,0.0
1041,3.352960488461686,0.0
57,3.1888313274351985,0.0
1979,2.5204403400421143,0.3010299956639812
2111,3.611735701560974,0.0
1025,2.9921185350475334,0.0
286,3.1115245876068127,0.0
2196,3.6655112722058156,0.0
159,2.6815650732113063,0.0
1758,2.446011759538563,0.18457569677956817
3200,3.4792590293055743,0.0
2951,3.3967584976808967,0.0
2405,3.3872251660343817,0.0
1156,4.0,0.0
1731,4.0,0.0
3438,4.0,0.0
1564,4.0,0.0
1035,3.0,0.0
1043,2.8284271247461903,0.0
2034,3.8158068523093136,0.0
3346,2.23606797749979,0.0
2284,3.5355339059327378,0.0
1946,2.175684283211567,0.0
827,4.0,0.0
1153,3.7812722006541404,0.0
2048,3.29860819386178,0.0
3628,3.169105445978174,0.0
2058,0.0,
1861,4.0,0.0
3484,3.879546886732617,0.0
2811,4.0,0.0
1971,4.0,0.0
1607,2.0227778304288777,0.0
2255,3.2169903326158424,0.0
1335,3.109543541993463,0.0
2963,3.605551275463989,0.0
2246,2.0,
3295,4.0,0.0
1589,4.0,0.0
1927,4.0,0.0
2823,4.0,0.0
426,3.1200002431869507,0.0
2404,2.600601448562569,0.0
3671,4.0,0.0
3403,3.637964416184409,0.0
2015,3.4641016151377544,0.0
662,4.0,0.0
3379,2.9118045817912415,0.0
3087,1.4142135623730951,
1535,3.191868988723701,0.10633668103022986
1852,2.529568332090191,0.0
1963,4.0,0.0
3427,4.0,0.0
3113,3.0,0.0
92,2.943920288775949,0.0
765,4.0,0.0
1794,3.8526510642592053,0.0
2168,3.2775834833764197,0.0
3526,4.0,0.0
1101,3.2691644283902996,0.0
3636,4.0,0.0
3512,3.5955421692459097,0.0
715,2.514786415471616,0.11751610475642714
2724,4.0,0.0
1496,3.264082438904196,0.0
2031,4.0,0.0
3259,2.8856197382892548,0.0
3601,4.0,0.0
951,0.34681545821553417,
3168,3.515218283570295,0.0
3347,3.1091263510296048,0.0
846,3.2662470538049426,0.0
495,4.0,0.0
3185,3.0,0.0
2433,4.0,0.0
960,1.5568877206290186,0.0
2447,3.669802071294187,0.0
2793,3.26426237949326,0.0
2529,2.9570004264316494,0.16812753627111746
1728,3.299613504583861,0.0
3515,4.0,0.0
453,2.1213203435596424,0.0
2254,3.696845502136472,0.0
594,3.855878346146741,0.0
1218,2.4154710036038853,0.0
1204,3.33225281772225,0.21840743681816419
1145,2.8284271247461903,0.0
448,4.0,0.0
2762,4.0,0.0
80,3.5991038235957515,0.0
3479,3.519534008073465,0.0
2601,3.2266425223127557,0.16716045496620227
1629,3.5355339059327378,0.0
2464,2.9073397607067433,0.0
3019,4.0,0.0
2556,3.5796515941619873,0.0
2142,3.1079153795239014,0.0
350,4.0,0.0
994,3.1091263510296048,0.0
236,3.7503184581778326,0.0
377,3.1443695704700843,0.0
68,3.7614715099334717,0.0
2299,2.3806668942029874,0.0
2300,2.758409261703491,0.0
2186,1.0952136800734682,0.0
1069,2.9109812186827373,0.0
2939,4.0,0.0
3049,4.0,0.0
849,2.4038804396254694,0.0
696,3.1091263510296048,0.0
3557,4.0,0.0
1969,3.165641304453387,0.0
1214,3.605551275463989,0.0
555,4.0,0.0
1617,3.9879862376169544,0.0
1796,4.0,0.0
797,1.2909944487358056,
2070,2.8284271247461903,0.0
883,2.2645445618785764,0.0
427,4.0,0.0
3142,4.0,0.0
3649,3.696845502136472,0.0
3669,4.0,0.0
121,3.1622776601683795,0.0
911,2.3804761428476167,0.0
2630,4.0,0.0
1386,4.0,0.0
2863,3.0,0.0
834,2.604309916496277,0.0
171,2.8827862908691784,0.0
2033,3.282461166381836,0.0
2738,2.6835477678199617,0.0
2183,4.0,0.0
1828,3.696845502136472,0.0
3481,3.5355339059327378,0.0
1294,4.0,0.0
3145,2.4037815282808515,0.0
1309,2.5913246180791645,0.0
1192,4.0,0.0
3528,4.0,0.0
3155,2.121493972032894,0.0
111,2.4994436502456665,0.0
132,3.5106650657563754,0.0
507,4.0,0.0
690,2.8284271247461903,0.0
3215,3.5355339059327378,0.0
2732,4.0,0.0
582,4.0,0.0
1770,4.0,0.0
3565,3.732658633550274,0.0
906,3.082207001484488,0.0
1015,4.0,0.0
1439,4.0,0.0
3122,4.0,0.0
1467,3.3642515279159313,0.0
2665,4.0,0.0
895,3.2273966730028114,0.0
1136,2.4785165578743595,0.0
2614,4.0,0.0
1011,4.0,0.0
3031,4.0,0.0
638,4.0,0.0
766,3.034146384131274,0.0
466,4.0,0.0
1182,4.0,0.0
66,3.9421903555120212,0.0
724,2.835886836051941,0.0
3199,3.402188600079931,0.1480409554829326
3073,4.0,0.0
1753,1.5811388300841898,
97,3.0,0.0
2550,2.890071779973228,0.10699313236726378
3428,3.847951650619507,0.0
1042,3.937508700226054,0.0
3402,4.0,0.0
720,3.768109616498184,0.0
3460,0.0,
2516,4.0,0.0
557,3.6930356714189263,0.0
19,3.2130901163446786,0.0
3353,2.23606797749979,0.0
408,3.6163384914398193,0.0
2987,3.5355339059327378,0.0
577,4.0,0.0
1813,3.755162057959104,0.0
2417,4.0,0.0
3358,4.0,0.0
2426,3.6523958278172093,0.0
603,2.5495097567963922,0.0
397,4.0,0.0
3086,3.696845502136472,0.0
3017,3.298879963818189,0.0
1534,3.8286361694335938,0.0
3580,4.0,0.0
2540,3.696845502136472,0.0
887,3.1622776601683795,0.0
963,2.964015309483189,0.0
2191,3.5355339059327378,0.0
2818,4.0,0.0
757,1.0,
2010,1.9397220611572266,0.0
135,3.8551983434892687,0.0
3175,3.0,0.0
556,3.0,0.0
3647,4.0,0.0
1675,3.3560031754443393,0.0
3573,3.5337533086121566,0.0
3218,2.9154759474226504,0.0
1411,3.108187655337269,0.0
2734,3.1871860491465496,0.0
168,3.540603280067444,0.0
3555,4.0,0.0
2814,4.0,0.0
1307,3.5518463441094523,0.0
2730,3.3166247903554,0.0
3457,3.5355339059327378,0.0
1713,4.0,0.0
2969,4.0,0.0
1773,3.5355339059327378,0.0
511,3.0,0.0
3607,3.5355339059327378,0.0
976,4.0,0.0
2014,4.0,0.0
2131,1.4899560232480065,0.0
486,2.886751345948129,0.0
1207,3.1091263510296048,0.0
2316,3.5355339059327378,0.0
2867,3.222068507093628,0.0
1333,2.4655985395320266,0.0
326,4.0,0.0
1790,2.0508932359338625,0.0
3252,4.0,0.0
2948,4.0,0.0
615,1.6843972206115723,
3316,3.1878682354717798,0.0
1902,2.889131706126672,0.0
2843,4.0,0.0
2629,2.08452171797908,0.0
684,2.939154369288815,0.0
3500,2.8053645436224444,0.0
1327,3.366279075870075,0.0
3351,3.0405179915632017,0.0
2344,3.6129432916641235,0.0
267,3.768550395965576,0.0
548,3.809468884902976,0.0
3604,4.0,0.0
1697,3.265986323710904,0.0
695,3.722634792327881,0.0
37,3.307144299831534,0.0
2940,4.0,0.0
1724,1.904837973121858,0.3065735963827292
1500,4.0,0.0
1754,2.5190167920647606,0.14606834984270645
3214,3.265986323710904,0.0
2356,2.7412140697903014,0.0
1303,2.7859086990356445,0.0
199,2.2044202778182846,0.0
2005,3.455307721873049,0.46927872602275644
987,2.899808406829834,0.0
2555,4.0,0.0
487,3.3951548166409107,0.0
2729,4.0,0.0
2330,3.0,0.0
2073,4.0,0.0
2446,3.0,0.0
2530,3.6547838587401418,0.0
2013,3.1622776601683795,0.0
490,4.0,0.0
2335,2.9303295750535865,0.0
3249,3.19819454065454,0.0
2894,3.696845502136472,0.0
1030,2.0,
114,2.6485391004590113,0.0
1206,4.0,0.0
1837,3.0173733023606153,0.0
850,3.8693513657675673,0.0
2467,4.0,0.0
2217,2.6538872718811035,0.0
126,3.4705876139150997,0.13905617951077562
607,4.0,0.0
3072,3.8623138801891783,0.0
407,0.0,
1947,2.0,
1567,3.0,0.0
3537,4.0,0.0
2150,0.5773502691896257,
2103,3.2293879175991154,0.0
2899,2.8284271247461903,0.0
3680,3.0,0.0
2737,3.882554793516119,0.0
2912,3.81155833747928,0.0
360,3.375008863567027,0.0
3075,4.0,0.0
2063,3.2914029430219167,0.0
1955,4.0,0.0
1290,4.0,0.0
2494,3.5355339059327378,0.0
559,4.0,0.0
3412,3.4641016151377544,0.0
1787,4.0,0.0
3345,2.461773557619352,0.0
256,2.8033910989761353,0.0
1127,4.0,0.0
3213,4.0,0.0
3068,4.0,0.0
2855,3.0,0.0
2925,4.0,0.0
1783,2.3945163117468713,0.0
1339,4.0,0.0
1423,2.130007054329926,0.0
3387,4.0,0.0
2462,3.0,0.0
2324,1.1547005383792515,
2573,4.0,0.0
572,4.0,0.0
88,2.1213203435596424,0.0
3198,3.5679456278340584,0.0
2884,3.3285255432128906,0.0
1841,4.0,0.0
1569,3.696845502136472,0.0
3275,2.0,
1302,3.0575749174737497,0.0
2716,3.4268183915752806,0.0
3165,3.265986323710904,0.0
2098,3.1622776601683795,0.0
2210,2.7212078082518985,0.24630238874073
1644,3.602117965901485,0.0
1195,3.6813873052597046,0.0
2062,3.7949058731042338,0.0
2167,4.0,0.0
2795,3.7397953053158424,0.0
396,3.0,0.0
3268,3.0318128364109564,0.2960819109658652
1799,0.0,
1475,2.9030889200625443,0.0
2359,4.0,0.0
1381,3.0,0.0
3251,3.0,0.0
2758,2.8284271247461903,0.0
2115,2.8559340116308194,0.0
4,3.256565862745694,0.0
1757,3.811110496520996,0.0
839,3.1091450452804565,0.0
2763,4.0,0.0
279,2.7934566047634615,0.0
2245,2.1538631812199234,0.0
3453,4.0,0.0
3462,4.0,0.0
3150,2.747683870669478,0.0
3003,4.0,0.0
1193,4.0,0.0
2085,3.4815712247645103,0.0
1645,3.34973428685647,0.0
2303,4.0,0.0
1838,2.684243679046631,0.0
400,4.0,0.0
2959,4.0,0.0
997,2.3402027317884655,0.0
2868,2.6725314713247563,0.38685280723454163
2957,3.1622776601683795,0.0
3312,3.5355339059327378,0.0
2104,3.8340008129453755,0.0
2569,3.589650642961557,0.0
2194,4.0,0.0
1368,3.5302178859710693,0.0
3486,3.1897225379943848,0.0
89,4.0,0.0
648,4.0,0.0
585,4.0,0.0
2476,4.0,0.0
451,4.0,0.0
391,3.114705823938098,0.0
1421,1.5317230450375163,0.0
2067,2.9063982013291794,0.0
2286,3.282350672349087,0.0
1618,3.037877075555617,0.0
3631,4.0,0.0
530,3.118858815782027,0.0
2451,3.3372118277539005,0.0
225,4.0,0.0
1715,3.5355339059327378,0.0
424,2.0,
1912,3.6190506722575235,0.0
2852,3.1622776601683795,0.0
1637,3.425867364041905,0.0
2627,3.366501646120693,0.0
3244,4.0,0.0
3620,2.8960898201743466,0.0
2826,4.0,0.0
33,2.8025755276173783,0.0
561,4.0,0.0
2466,4.0,0.0
790,2.630920545171661,0.18457569677956817
3042,4.0,0.0
2750,3.1173542737960815,0.0
2046,2.9154759474226504,0.0
1384,4.0,0.0
49,2.406668604499114,0.0
2011,3.0,0.0
150,3.556168567001118,0.0
3090,3.0460270572039234,0.0
3566,4.0,0.0
857,3.016331947377639,0.0
2042,3.759227014840905,0.0
1593,4.0,0.0
2992,4.0,0.0
2817,1.8524391602063095,0.5
1511,2.9154759474226504,0.0
2937,4.0,0.0
2578,3.5093096576334606,0.0
1147,2.1213203435596424,0.0
1884,3.597086191177368,0.0
513,3.1783258519191135,0.2350455494144854
602,3.24037034920393,0.0
3032,4.0,0.0
3633,4.0,0.0
2679,3.7802228803817797,0.0
2840,2.888876638687607,0.0
3491,4.0,0.0
3523,4.0,0.0
334,3.707852416195395,0.0
890,4.0,0.0
1906,3.803848318265475,0.0
1869,3.0,0.0
1672,4.0,0.0
3411,3.0832183361053467,0.0
1679,2.982476699624843,0.0
231,4.0,0.0
2947,4.0,0.0
2993,3.089718389687866,0.0
801,3.5355339059327378,0.0
1582,3.5344605638638344,0.0
2719,4.0,0.0
1233,3.8002504240757515,0.0
2943,4.0,0.0
3265,3.543308138847351,0.0
3424,2.4830384303903896,0.0
2548,2.0816659994661326,0.0
653,4.0,0.0
2383,3.4954932928085327,0.0
898,3.679709257146463,0.0
2816,4.0,0.0
1777,4.0,0.0
46,2.7380316257476807,0.0
1633,3.333706671903073,0.0
3024,3.625302633887809,0.0
242,3.5609508686615094,0.0
1027,3.5355339059327378,0.0
3520,4.0,0.0
339,2.8284271247461903,0.0
90,2.181085625382721,0.0
668,3.1622776601683795,0.0
3271,3.7825333749137644,0.0
43,4.0,0.0
1932,3.0,0.0
8,3.9243927717233364,0.0
1692,2.7719322678970757,0.0
363,4.0,0.0
3575,3.5750521682750263,0.1480409554829326
2970,3.4641016151377544,0.0
1135,4.0,0.0
21,4.0,0.0
3081,4.0,0.0
2160,3.5355339059327378,0.0
1506,3.3166247903554,0.0
2137,2.732184648513794,0.0
2453,3.601444363594055,0.0
529,2.177034456677015,0.0
1503,3.6340977420497156,0.0
1591,2.7250825679068504,0.3065735963827292
2941,1.9258450415007615,0.3562071871080222
3450,4.0,0.0
26,4.0,0.0
2809,3.5571345316096417,0.0
3401,4.0,0.0
3618,4.0,0.0
3496,3.696845502136472,0.0
1425,3.4716140604397348,0.0
3527,3.769391674080125,0.0
2707,3.61393666267395,0.0
745,3.366501646120693,0.0
3473,3.944924304094896,0.0
15,3.735227942466736,0.0
3162,4.0,0.0
735,2.580734600236706,0.0
2138,3.1622776601683795,0.0
182,3.418745322977487,0.0
1498,3.0,0.0
455,3.265986323710904,0.0
1018,2.746119737625122,0.0
2587,4.0,0.0
1107,3.681331989938838,0.0
243,4.0,0.0
2221,2.756809750418044,0.0
3518,2.970191097732919,0.0
2215,3.359299313109546,0.0
1263,4.0,0.0
2856,3.2603534428859073,0.0
2973,4.0,0.0
1909,2.5968749995413027,0.0
1515,3.329651482096793,0.0
2781,4.0,0.0
1151,3.9198033809661865,0.0
667,3.1003974382011945,0.0
2698,4.0,0.0
1314,3.6923558378017933,0.0
762,0.4854607582092285,
2663,3.5355339059327378,0.0
921,3.5312735306575687,0.0
2788,2.353102812190022,0.0
211,3.0,0.0
3005,1.0,
222,3.3775694288524645,0.0
2082,4.0,0.0
3238,2.630633001714917,0.0
768,4.0,0.0
462,3.7042223227655597,0.0
3007,3.782547191842513,0.0
2484,4.0,0.0
2095,3.54462993144989,0.0
1588,4.0,0.0
3517,3.5355339059327378,0.0
139,4.0,0.0
465,2.094560431992119,0.0
835,3.2370641231536865,0.0
477,4.0,0.0
3445,3.114131788881994,0.0
1682,4.0,0.0
2848,4.0,0.0
1980,3.066735880571205,0.0
779,3.362688422203064,0.0
956,0.0,
141,1.0,
2841,1.925699212163338,0.2890648263178879
2979,2.0,
3243,4.0,0.0
2200,4.0,0.0
2869,0.0,
1179,4.0,0.0
2456,3.0,0.0
2125,4.0,0.0
3682,3.55547903012034,0.0
633,2.7282197892510527,0.0
859,2.3472935766396197,0.0
2332,4.0,0.0
1,4.0,0.0
2328,4.0,0.0
433,1.5790098051411938,
2352,3.327548623085022,0.0
1859,3.304167828312969,0.0
1751,4.0,0.0
374,2.0,
3505,4.0,0.0
2697,4.0,0.0
739,2.7893319531512333,0.0
313,4.0,0.0
2223,4.0,0.0
3310,4.0,0.0
2564,4.0,0.0
1968,3.5355339059327378,0.0
3202,4.0,0.0
3069,3.696845502136472,0.0
1074,4.0,0.0
1710,4.0,0.0
3140,2.8284271247461903,0.0
1900,0.9659496545791626,
716,2.946906566619873,0.0
2676,4.0,0.0
2942,3.0,0.0
2394,4.0,0.0
3050,3.696845502136472,0.0
1677,3.7913888363403307,0.0
3562,4.0,0.0
280,1.0,
1764,2.1536630392074585,0.0
3535,0.0,
1894,1.0,
2787,3.563901723976848,0.0
3134,3.5355339059327378,0.0
3494,4.0,0.0
1234,1.0,
1839,1.0,
3219,4.0,0.0
1711,3.5019189722775015,0.0
3549,4.0,0.0
1834,4.0,0.0
2418,4.0,0.0
3603,3.5191149261139265,0.0
1570,4.0,0.0
2065,4.0,0.0
2164,1.5811388300841898,
1271,4.0,0.0
1491,2.8134010558956417,0.15101961822780524
2235,3.1622776601683795,0.0
2249,0.5530099868774414,
1805,3.6437587303030865,0.0
1342,3.4267738497883315,0.0
1044,4.0,0.0
3545,4.0,0.0
369,3.093092997101426,0.0
2828,3.443180203437805,0.0
1603,4.0,0.0
3052,3.0130634766401028,0.0
1916,4.0,0.0
1281,4.0,0.0
2950,4.0,0.0
3658,2.8284271247461903,0.0
1102,4.0,0.0
1725,3.3789928311291195,0.0
184,4.0,0.0
303,3.158621981936258,0.0
2986,3.079508606579424,0.0
2733,1.4142135623730951,
2971,2.4254937214845538,0.0
1455,2.84632242086286,0.0
725,3.4557497724717128,0.0
2866,4.0,0.0
2243,4.0,0.0
854,2.0,
2430,4.0,0.0
2161,4.0,0.0
1235,3.3500580918611282,0.0
824,4.0,0.0
1611,0.0,
3263,3.5715597394569425,0.0
853,3.44485080242157,0.0
2347,4.0,0.0
1880,3.0,0.0
1890,3.335537910461426,0.0
1551,1.9314544200897217,0.0
897,2.3341161012649536,0.0
1495,4.0,0.0
3433,1.0,
1695,4.0,0.0
3627,4.0,0.0
3137,2.345451443220675,0.0
518,4.0,0.0
1001,4.0,0.0
2322,2.8355751321990357,0.38685280723454163
2998,4.0,0.0
1185,3.2061809301376343,0.0
1274,3.2927189940527466,0.0
3317,2.0,
2436,3.7241848707199097,0.0
2276,3.3426069797463085,0.0
1749,3.145335335594554,0.0
272,3.8856667711993795,0.0
1954,1.6568613723083496,0.0
3696,4.0,0.0
2247,4.0,0.0
819,4.0,0.0
1350,2.8284271247461903,0.0
1172,4.0,0.0
1636,4.0,0.0
58,2.1320470934404003,0.0
3239,3.384101390838623,0.0
3128,4.0,0.0
674,4.0,0.0
1053,3.1971781253814697,0.0
2457,4.0,0.0
682,4.0,0.0
2045,4.0,0.0
2761,2.0,
2107,4.0,0.0
2919,4.0,0.0
3646,2.963885343212006,0.0
130,2.8617622546229735,0.0
3686,4.0,0.0
2945,4.0,0.0
909,2.9154759474226504,0.0
3670,4.0,0.0
2692,3.696845502136472,0.0
2146,3.5355339059327378,0.0
3129,4.0,0.0
283,2.241549015045166,0.0
852,4.0,0.0
3146,3.8789385503056066,0.0
2850,3.774917217635375,0.0
2594,0.8371685393656682,
3206,3.8783295154571533,0.0
3564,4.0,0.0
2643,3.0,0.0
2071,2.693338834110375,0.0
2768,2.0,
1125,2.8284271247461903,0.0
584,4.0,0.0
2331,4.0,0.0
3582,2.0,
3399,3.590817928314209,0.0
2983,1.0,
3105,2.0,
1889,2.9910916955824423,0.0
1055,4.0,0.0
1299,2.8417810000622845,0.0
1780,3.0477554936295235,0.0
2651,4.0,0.0
1612,2.454073369930393,0.0
873,3.1622776601683795,0.0
1219,4.0,0.0
3273,4.0,0.0
1775,2.0812453031539917,0.0
2659,4.0,0.0
1994,3.0,0.0
2503,3.0815540552139282,0.0
1478,2.891592812135587,0.2640681225725909
3417,3.1622776601683795,0.0
1243,2.638572335243225,0.0
2188,3.5355339059327378,0.0
2257,3.5355339059327378,0.0
1122,3.8519771021743696,0.0
341,3.280304301758603,0.0
1975,2.0,
2617,2.5184247493743896,0.31546487678572877
2857,4.0,0.0
2666,3.2193770051835093,0.0
3269,2.8284271247461903,0.0
1654,3.9332220554351807,0.0
2154,4.0,0.0
2364,3.0,0.0
1521,4.0,0.0
916,4.0,0.0
3235,3.276758127172393,0.0
3104,2.3804761428476167,0.0
1529,3.8146701691312384,0.0
3327,4.0,0.0
2122,3.727910155904637,0.0
984,3.696845502136472,0.0
3384,3.5407750606536865,0.0
2664,4.0,0.0
623,3.0,0.0
1519,3.1622776601683795,0.0
1084,4.0,0.0
3107,3.5355339059327378,0.0
2024,4.0,0.0
2424,4.0,0.0
1070,0.0,
1267,4.0,0.0
732,2.6818041663371344,0.0
2208,3.9076462107833136,0.0
3464,4.0,0.0
1785,2.8284271247461903,0.0
2883,2.8284271247461903,0.0
3506,3.5355339059327378,0.0
1949,1.6059523820877075,
2371,2.7544516625965563,0.0
361,2.8298171714427536,0.0
1743,0.23541557788848877,
3336,4.0,0.0
2723,3.0,0.0
3301,4.0,0.0
2020,3.439181327819824,0.0
2924,4.0,0.0
1585,2.0799723863601685,0.0
2090,2.9154759474226504,0.0
3430,3.6357160806655884,0.0
153,1.175238950418245,1.0
1200,4.0,0.0
2746,4.0,0.0
2172,3.483109171011624,0.0
418,4.0,0.0
2559,4.0,0.0
3498,3.4374199436414266,0.0
1918,3.4195843856802206,0.0
1469,2.902567049093847,0.0
1903,3.0,0.0
3455,4.0,0.0
239,3.69328624695419,0.0
1315,2.660973398874931,0.0
915,4.0,0.0
2812,4.0,0.0
629,2.84862040619854,0.0
3006,2.0,
2772,2.8284271247461903,0.0
1514,4.0,0.0
2117,2.40944862585223,0.0
2903,4.0,0.0
338,3.467203366627972,0.0
671,3.0,0.0
3385,4.0,0.0
3407,3.299923296308041,0.0
2717,3.0,0.0
1950,2.5,0.0
6,2.0,
1088,4.0,0.0
1080,2.720543981126076,0.2640681225725909
2853,4.0,0.0
2205,3.4970500469207764,0.0
3461,3.0,0.0
1183,3.0,0.0
2990,3.5355339059327378,0.0
138,2.33157576406413,0.0
259,2.7859691872401116,0.0
2923,4.0,0.0
386,4.0,0.0
1092,3.521367311477661,0.0
42,2.16198194026947,0.0
812,4.0,0.0
2244,1.0,
1139,4.0,0.0
268,3.741709589958191,0.0
2673,2.8284271247461903,0.0
665,2.2849854230880737,0.0
2119,4.0,0.0
2320,0.22985517978668213,
2687,4.0,0.0
3111,2.70801280154532,0.0
742,2.8785310163388975,0.0
2157,3.5355339059327378,0.0
727,0.6715432405471802,
2475,2.0,
0,4.0,0.0
952,4.0,0.0
2126,4.0,0.0
2224,3.366501646120693,0.0
728,3.194298267364502,0.0
2562,2.420343041419983,0.0
3366,4.0,0.0
3599,4.0,0.0
2522,4.0,0.0
1750,3.5355339059327378,0.0
2378,3.991239547729492,0.0
2875,3.1091263510296048,0.0
3532,4.0,0.0
1547,2.405868726047632,0.3903800499921017
550,4.0,0.0
293,2.3000591632702565,0.0
3294,3.340844909239709,0.0
3683,3.6403727914985184,0.0
2360,3.0736820637461615,0.0
1149,1.3960700035095215,0.6309297535714575
12,3.0411934232765176,0.0
2960,2.8354091670033377,0.0
2454,1.0,
2628,2.7393847703933716,0.0
3040,2.464982032775879,0.0
3410,3.0,0.0
516,2.0,
2927,2.518362045288086,0.3333333333333333
1117,4.0,0.0
2625,4.0,0.0
579,4.0,0.0
3320,3.652487079979499,0.0
2731,1.906729817390442,
354,1.652232184913268,
3688,4.0,0.0
3278,2.0,
713,2.6713691632837118,0.0
1804,3.216485750398012,0.0
2177,4.0,0.0
2319,4.0,0.0
2591,4.0,0.0
1662,3.1622776601683795,0.0
240,4.0,0.0
125,4.0,0.0
901,2.4396506105162716,0.0
2261,3.2141731890844705,0.0
3228,1.0,
3510,4.0,0.0
3361,4.0,0.0
1323,2.1213203435596424,0.0
3398,2.839300967736691,0.0
664,3.448203270166344,0.0
3337,3.0868970775428366,0.0
795,2.0,
2885,1.936044454574585,0.0
2708,4.0,0.0
1857,1.0,
902,3.0,0.0
1134,3.0,0.0
1482,3.0,0.0
1650,1.7570714950561523,0.0
3621,4.0,0.0
3383,4.0,0.0
1448,2.6576802730560303,0.0
3126,2.7883803844451904,0.0
3619,4.0,0.0
2398,4.0,0.0
3164,0.0,
1798,4.0,0.0
679,3.0,0.0
3284,3.0,0.0
1291,3.7570706605911255,0.0
2844,3.0535254721719918,0.21840743681816419
174,2.5973049313944148,0.0
3373,0.0,
2878,4.0,0.0
1945,1.0,
214,4.0,0.0
3610,4.0,0.0
206,4.0,0.0
2775,4.0,0.0
2415,2.663118839263916,0.0
2780,4.0,0.0
113,3.0,0.0
3260,4.0,0.0
2123,4.0,0.0
2682,2.5495097567963922,0.0
464,3.5842646217761467,0.0
1296,4.0,0.0
3231,4.0,0.0
1286,4.0,0.0
1974,3.1916310787200928,0.0
2391,3.0,0.0
2932,3.766130805015564,0.0
908,4.0,0.0
3597,4.0,0.0
1130,4.0,0.0
3061,4.0,0.0
3110,3.5691209320938175,0.0
3482,4.0,0.0
3350,4.0,0.0
165,4.0,0.0
2504,4.0,0.0
543,0.5094728469848633,
1045,4.0,0.0
1789,2.619134597077605,0.6131471927654584
3209,3.7633459232132993,0.0
1344,2.651203751564026,0.0
818,4.0,0.0
3033,0.0,
2296,2.7946866594158366,0.0
646,3.0,0.0
1741,3.0,0.0
2549,4.0,0.0
751,4.0,0.0
673,4.0,0.0
1848,4.0,0.0
2495,3.5355339059327378,0.0
1131,3.9107711907022904,0.0
2212,2.0,
2684,0.0,
2655,3.161715190727075,0.0
2542,4.0,0.0
3130,3.0,0.0
3570,0.7606110328889705,
651,4.0,0.0
403,4.0,0.0
67,1.601803214852262,1.0
1806,4.0,0.0
345,4.0,0.0
3552,0.0,
2574,3.0,0.0
1158,3.5995676517486572,0.0
3021,2.8349092053702636,0.0
1571,3.7387574911117554,0.0
3652,2.0,
3478,4.0,0.0
903,3.0,0.0
1539,4.0,0.0
2411,2.8284271247461903,0.0
1986,2.708788514137268,0.0
2509,4.0,0.0
1269,3.0,0.0
3318,4.0,0.0
329,2.462883234024048,0.0
817,2.0,
255,2.9154759474226504,0.0
2683,1.0,
3091,0.0,
2978,2.0,
1739,3.0,0.0
1178,3.18203067779541,0.0
2486,4.0,0.0
1449,2.0,
3639,4.0,0.0
1966,4.0,0.0
2803,4.0,0.0
188,0.0,
1659,0.11121940612792969,
583,2.0,
1619,3.0,0.0
1407,3.4232603311538696,0.0
509,4.0,0.0
1698,3.0,0.0
2302,4.0,0.0
1520,4.0,0.0
3237,4.0,0.0
2220,4.0,0.0
3335,4.0,0.0
1435,4.0,0.0
1447,4.0,0.0
2577,3.721751570701599,0.0
1205,2.0,
1510,1.4799057009415015,
62,3.3954124450683594,0.0
1002,0.0,
3303,4.0,0.0
307,3.0,0.0
1840,4.0,0.0
1432,3.1521726572959308,0.0
2920,3.0,0.0
2156,2.2573162317276,0.0
2455,4.0,0.0
2597,4.0,0.0
2622,4.0,0.0
1577,0.0,
2544,4.0,0.0
3241,3.0,0.0
2258,4.0,0.0
879,2.0,
3190,2.7794960419217722,0.0
870,4.0,0.0
3338,4.0,0.0
2842,4.0,0.0
1829,4.0,0.0
2396,3.0,0.0
1050,2.440645456314087,0.0
2468,2.0,
3623,3.7498669624328613,0.0
2147,4.0,0.0
2068,2.5131406784057617,0.3333333333333333
368,4.0,0.0
2047,0.0,
595,2.0,
421,2.0,
244,4.0,0.0
1057,4.0,0.0
3306,4.0,0.0
2938,0.0,
892,4.0,0.0
861,4.0,0.0
1366,4.0,0.0
3459,2.0,
2689,4.0,0.0
109,4.0,0.0
1046,2.2285778522491455,0.0
415,2.609065890312195,0.0
481,3.0,0.0
2333,4.0,0.0
347,4.0,0.0
871,3.0,0.0
